source_type,product_id,product_name,estado_producto,es_estacional,meses_estacionales,ultima_actividad,stock_actual,stock_minimo,stock_maximo,lead_time_dias,lote_minimo_produccion,observacion
PP,PP_6b42df6cac,* ACHIOTE PASTA GRANEL (FUNDAS),activo,True,"julio, septiembre, abril",2026-01-01,,,,,,
PP,PP_d4b7f2cd70,* ACHIOTE PASTA GRANEL (VASOS),activo,True,"septiembre, julio, enero",2026-02-01,,,,,,
PP,PP_547654020c,* ACHIOTE REFRITO GRANEL,activo,True,"octubre, noviembre, septiembre",2026-01-01,,,,,,
PP,PP_e146dc2ddc,* ALINO AHUMADO FINAS HIERBAS K,activo,True,"octubre, enero, julio",2026-01-01,,,,,,
PP,PP_021ba1ac93,* ALINO COMPLETO KILOS GRANEL,activo,True,"octubre, noviembre, febrero",2026-02-01,,,,,,
PP,PP_55a4c4660b,* CHIMICHURRI ADEREZO NATURAL G,activo,False,"febrero, enero, diciembre",2026-02-01,,,,,,
PP,PP_97d46a4774,* CHIMICHURRI ADEREZO PICANTE G,activo,False,"enero, octubre, noviembre",2026-02-01,,,,,,
PP,PP_dab4a07a56,* CHIMICHURRI DESHIDRATADO GRAN,activo,False,"septiembre, noviembre, julio",2025-12-01,,,,,,
PP,PP_b55f2acb6f,* CHIMICHURRI KILOS GRANEL,activo,True,"noviembre, febrero, abril",2026-02-01,,,,,,
PP,PP_55fd22a24e,* CREMA DE CHAMPINONES GRANEL,activo,False,"noviembre, julio, diciembre",2026-01-01,,,,,,
PP,PP_3d3721a49f,* CREMA DE CHOCLO GRANEL,activo,True,"noviembre, diciembre, julio",2026-01-01,,,,,,
PP,PP_c3030e860c,* LOCRO DE PAPAS GRANEL,activo,True,"noviembre, enero, agosto",2026-01-01,,,,,,
PP,PP_39797a38f9,* MOSTAZA Y MIEL GRANEL,activo,False,"octubre, julio, enero",2026-02-01,,,,,,
PP,PP_58a20ebc41,* REFRITO CRIOLLO GRANEL,activo,True,"noviembre, diciembre, marzo",2025-12-01,,,,,,
PP,PP_d134ac1ae4,* SAL AHUMADA KILOS GRANEL,activo,True,"enero, julio, noviembre",2026-02-01,,,,,,
PP,PP_8a94ee9200,* SAZON COMPLETA KILOS GRANEL,activo,True,"octubre, febrero, diciembre",2026-02-01,,,,,,
PP,PP_5ece8e0ca3,* SAZON MEXICANA GRANEL,activo,True,"mayo, julio, enero",2026-02-01,,,,,,
PP,PP_3c0207c0b4,* SAZONA PAVO PASTA GRANEL,activo,True,"octubre, noviembre, septiembre",2025-11-01,,,,,,
PP,PP_e6b669353b,* SAZONADOR A LAS FINAS HIERBAS,activo,False,"enero, octubre, julio",2026-02-01,,,,,,
PP,PP_96e7d18738,* SAZONADOR CARNES ROJAS  KL GR,activo,False,"octubre, febrero, agosto",2026-02-01,,,,,,
PP,PP_4797f684b9,* SAZONADOR CARNES ROJAS LIBRAS,inactivo,True,"octubre, julio, enero",2025-01-01,,,,,,
PP,PP_ac01a30a78,* SAZONADOR CERDO  LIBRAS GRANE,activo,True,"febrero, octubre, julio",2026-02-01,,,,,,
PP,PP_29653ea1bd,* SAZONADOR PESCADO LIBRAS GRAN,activo,True,"enero, julio, octubre",2026-01-01,,,,,,
PP,PP_7bb35d7659,* SAZONADOR POLLO LIBRAS GRANEL,activo,False,"septiembre, diciembre, octubre",2026-01-01,,,,,,
PP,PP_1832a1fd36,* SIROPE CHOCOLATE KILOS GRANEL,activo,False,"febrero, marzo, noviembre",2026-02-01,,,,,,
PP,PP_cfbc5ab2ba,* SIROPE DE MORA KILOS GRANEL,activo,False,"febrero, octubre, agosto",2026-01-01,,,,,,
PP,PP_659d094f0e,* SOPA DE POLLO CON ARRO GRANEL,activo,False,"diciembre, septiembre, octubre",2026-02-01,,,,,,
PP,PP_3231aa9088,* SOPA DE POLLO CON FIDE GRANEL,activo,False,"julio, septiembre, octubre",2025-07-01,,,,,,
PP,PP_11e8c554ea,* SOPA DE POLLO CON FIDEOGRANEL,activo,True,"septiembre, febrero, noviembre",2026-02-01,,,,,,
PP,PP_60f361ef74,*ALPISTE SELECCIONADO,inactivo,False,"julio, agosto, octubre",2024-10-01,,,,,,
PP,PP_048061024e,*CALDO DE GALLINA GRANEL,activo,True,"noviembre, julio, enero",2026-02-01,,,,,,
PP,PP_a8fe971c63,*CALDO DE GALLINA GRANEL AL ART,activo,False,"julio, octubre, febrero",2026-02-01,,,,,,
PP,PP_6d23acbf67,*MAYONESA CREMOSA KILOS GRANEL,activo,True,"diciembre, noviembre, agosto",2026-02-01,,,,,,
PP,PP_e13ae9dc4d,*MIEL DE ABEJA KILOS GRANEL,activo,False,febrero,2026-02-01,,,,,,
PP,PP_24891e8c4c,*MIEL DE MAPLE KILOS GRANEL,activo,False,"mayo, julio, febrero",2026-02-01,,,,,,
PP,PP_1841369fe6,*PURE DE TOMATE KILOS GRANEL,activo,False,"enero, agosto, febrero",2025-12-01,,,,,,
PP,PP_1bc78e63bb,*QUESO CHEDDAR KILOS GRANEL,activo,True,"diciembre, agosto, enero",2026-02-01,,,,,,
PP,PP_fd190c3ba9,*QUESO CHEDDAR KILOS GRANEL GR,activo,False,"octubre, septiembre",2025-10-01,,,,,,
PP,PP_f0f4a2e1bd,*QUESO CHEDDAR KILOS GRANEL PQ,activo,False,"octubre, septiembre",2025-10-01,,,,,,
PP,PP_3b2e046613,*SALSA CESAR KILOS GRANEL,activo,False,"enero, febrero, noviembre",2026-02-01,,,,,,
PP,PP_66dcc1b5af,*SALSA RANCH KILOS GRANEL,activo,False,"enero, octubre, febrero",2026-02-01,,,,,,
PP,PP_d03c8fc8f0,*TOMATE DESHIDRATADO AC.KILOS G,activo,False,"febrero, enero, octubre",2025-10-01,,,,,,
PP,PP_90550a5030,ACEITE PALMA _SOYA 70/30 LITROS,activo,True,"noviembre, julio, febrero",2026-02-01,,,,,,
PP,PP_490ec69196,ACHIOTE ACEITE GRANEL,activo,False,"enero, diciembre, julio",2026-02-01,,,,,,
PP,PP_769f58fee9,ACHIOTE ESENCIA GRANEL,activo,False,"diciembre, agosto, junio",2026-01-01,,,,,,
PP,PP_be400a31e5,ACHIOTE GRANO SELECIONADO,activo,False,"diciembre, enero, octubre",2026-01-01,,,,,,
PP,PP_b28762c6ce,ACHIOTE MOLIDO PARA EMPACAR,activo,True,"diciembre, noviembre, julio",2025-12-01,,,,,,
PP,PP_7371038137,ACHIOTE MOLIDO PARA SALES,activo,False,"octubre, agosto, diciembre",2026-02-01,,,,,,
PP,PP_8a26e34f22,ADEREZO DE MAYONES BALDE GRANEL,inactivo,False,julio,2024-07-01,,,,,,
PP,PP_9218bc6023,ADEREZO DE TOMATE GALON GRANEL,inactivo,False,julio,2024-07-01,,,,,,
PP,PP_31375ddaed,AENG  ANIS ESTRELL DISP X 30,activo,True,"octubre, febrero, septiembre",2025-10-01,,,,,,
PP,PP_3fdbd02eaa,AENG ACHIOTE PASTA DIS X30,activo,True,"septiembre, enero, marzo",2026-01-01,,,,,,
PP,PP_8d72007a71,AENG AJO PASTA DISPLAY X 30..,activo,True,"abril, enero, febrero",2025-09-01,,,,,,
PP,PP_f2d69be26c,AENG ALINO DISPLAY X 30..,activo,True,"noviembre, agosto, enero",2025-11-01,,,,,,
PP,PP_907a3290d3,AENG ANIS ESPANOL DISP X 30..,activo,True,"octubre, agosto, abril",2025-10-01,,,,,,
PP,PP_6da2b18911,AENG CANELA MOLID DISP X 30..,activo,True,"marzo, febrero, septiembre",2026-02-01,,,,,,
PP,PP_351b599614,AENG CLAVO OLOR DISP X 30..,activo,True,"agosto, septiembre, octubre",2026-02-01,,,,,,
PP,PP_8fa666ed4d,AENG COMINO MOLI DISP X 30..,activo,True,"mayo, septiembre, febrero",2025-09-01,,,,,,
PP,PP_5e11bbbdb3,AENG GLUTAMATO DISP X 30..,activo,True,"diciembre, septiembre, julio",2025-09-01,,,,,,
PP,PP_72daca8338,AENG LEVADURA DISP X 30..,activo,True,"marzo, septiembre, octubre",2025-10-01,,,,,,
PP,PP_7347b72dc1,AENG OREGANO DISP X 30..,activo,True,"agosto, octubre, febrero",2026-02-01,,,,,,
PP,PP_7eac25729d,AENG PIMIENT MOL DISP X 30..,activo,True,"septiembre, agosto, febrero",2025-09-01,,,,,,
PP,PP_77d40cec0a,AENG PIMIENTA OLORDISP X 30..,activo,True,"agosto, febrero, mayo",2025-11-01,,,,,,
PP,PP_24df7d5fb4,AENG POLVO HORNEAR DISP X 30..,activo,True,"septiembre, agosto, julio",2025-09-01,,,,,,
PP,PP_7c252acc6b,AJI DESHIDRATADO SELECIONADO,activo,False,"marzo, enero",2025-03-01,,,,,,
PP,PP_dbc8f54a33,AJI EN ESCAMAS PRODUCCION,activo,False,"marzo, diciembre, octubre",2026-01-01,,,,,,
PP,PP_cc7610e3f0,AJI PARA SECOS Y ENCEB EMPACAR,activo,False,"julio, septiembre, diciembre",2026-02-01,,,,,,
PP,PP_b109010987,AJI PARA SECOS Y ENCEB GRANEL P,activo,False,"julio, septiembre, marzo",2025-11-01,,,,,,
PP,PP_8c66eabf29,AJO EN POLVO GRANEL,activo,False,"enero, febrero, octubre",2026-02-01,,,,,,
PP,PP_362c8a69e7,AJO PASTA (PARA CONDIMENTOS),activo,True,"noviembre, octubre, septiembre",2026-02-01,,,,,,
PP,PP_24a08303ac,AJO PASTA GRANEL LIBRAS,activo,True,"febrero, octubre, diciembre",2026-02-01,,,,,,
PP,PP_e4ae560736,AJO PASTA MEZCLA PARA EMPAQUE,inactivo,False,febrero,2025-02-01,,,,,,
PP,PP_3741832aaf,ANIS ESPANOL SELECCIONADO,activo,True,"octubre, enero, abril",2026-01-01,,,,,,
PP,PP_1baf9b23e9,ANIS ESTRELLADO SELECCIONADO,activo,False,"octubre, noviembre, enero",2026-02-01,,,,,,
PP,PP_17d4ab2ac4,BBQ HAWAINA PRODUCCIÓN GRANEL,activo,False,"agosto, enero, octubre",2026-02-01,,,,,,
PP,PP_e791e06876,BBQ ORIGINAL PRODUCCIÓN GRANEL,activo,False,"septiembre, julio, diciembre",2026-02-01,,,,,,
PP,PP_6e31c1e8de,BBQ PICANTE PRODUCCIÓN GRANEL,activo,False,"enero, agosto, diciembre",2026-02-01,,,,,,
PP,PP_1e9be35980,CANELA MOLIDA GRANEL,activo,False,"diciembre, enero, agosto",2026-02-01,,,,,,
PP,PP_8dec223758,CANELA RAMA SELECIONADA,activo,False,"noviembre, enero, octubre",2026-02-01,,,,,,
PP,PP_a97d13706a,CANELA RAMA SELECIONADA MOLER,activo,True,"diciembre, enero, febrero",2026-02-01,,,,,,
PP,PP_e7e210c243,CARDAMOMO SELECIONADO,activo,True,"enero, julio, noviembre",2025-09-01,,,,,,
PP,PP_5a365b4f1f,CEBOLLA EN POLVO GRANEL,activo,False,"enero, diciembre, septiembre",2026-02-01,,,,,,
PP,PP_c97860f013,CEBOLLA PAITEÑA PELADA,activo,True,"octubre, noviembre, febrero",2026-02-01,,,,,,
PP,PP_4cb268bf6f,CLAVO OLOR SELECCIONADO,activo,False,"enero, noviembre, octubre",2026-02-01,,,,,,
PP,PP_819cf915d0,COMBO ACHIOTE ACEITE BOT 190 CC,activo,False,"enero, septiembre, octubre",2026-02-01,,,,,,
PP,PP_85da1012d4,COMBO ACHIOTE ACEITE BOT 340 CC,activo,False,"febrero, diciembre, julio",2026-02-01,,,,,,
PP,PP_a231c5a021,COMBO AJO PASTA BOT 300G,activo,False,"septiembre, enero, julio",2026-02-01,,,,,,
PP,PP_76d85e0a9f,COMBO AJO PASTA BOT 355 GRS,activo,True,"septiembre, enero, octubre",2026-01-01,,,,,,
PP,PP_95f8d7c136,COMBO ALINO BOTELLA 310G,inactivo,False,julio,2024-07-01,,,,,,
PP,PP_8f2205469c,COMBO ALINO BOTELLA 380 GRS,activo,False,"diciembre, noviembre, agosto",2026-02-01,,,,,,
PP,PP_f28c680cff,COMBO ALINO BOTELLA 500 GRS,activo,False,"diciembre, agosto, julio",2026-01-01,,,,,,
PP,PP_ad683ea17f,COMBO CHIMICHURRI BOT 380 GRS,activo,False,"diciembre, enero, mayo",2026-02-01,,,,,,
PP,PP_9c3d4be488,COMBO CHIMICHURRI BOT 500 GRS,activo,False,"diciembre, julio, noviembre",2026-02-01,,,,,,
PP,PP_0deb1dda1f,COMBO SAZONADOR CB BOT 200GRS,activo,False,"agosto, noviembre, octubre",2025-12-01,,,,,,
PP,PP_2a66f85306,COMINO MOLIDO (PARA CONDIMENTOS,activo,True,"octubre, noviembre, febrero",2026-02-01,,,,,,
PP,PP_4530c5aa85,COMINO MOLIDO PARA EMPACAR KILO,activo,False,"diciembre, septiembre, octubre",2026-02-01,,,,,,
PP,PP_fe18e4f2d5,COMINO TOSTADO/ACHIOTE REFRITO,activo,True,"octubre, noviembre, julio",2026-01-01,,,,,,
PP,PP_4b8960eccb,CONDIMENTO CEBOLLA PAPA/ GRANEL,activo,True,"julio, agosto",2025-07-01,,,,,,
PP,PP_e93dc584bd,CONDIMENTO PICAJÍN- CHIFLES FAB,activo,True,"octubre, agosto, febrero",2025-06-01,,,,,,
PP,PP_672b792ecc,CURCUMA MOLIDA..,activo,False,"septiembre, enero, diciembre",2026-02-01,,,,,,
PP,PP_d02f9b053d,CURCUMA SELECIONADA,activo,False,"mayo, julio, febrero",2025-09-01,,,,,,
PP,PP_5ae35cf607,CURCUMA SELECIONADA DESHIDRATAD,inactivo,False,febrero,2025-02-01,,,,,,
PP,PP_f634eb02cd,CURRY LIBRAS GRANEL PRODUCCION,activo,True,"septiembre, enero, febrero",2026-02-01,,,,,,
PP,PP_6bfc0c1cda,ENG ACHIOTE PASTA DP X 30(0.10),activo,False,"agosto, octubre, noviembre",2026-02-01,,,,,,
PP,PP_b1b5005ae4,ENG AJO PASTA DP X 30 (0.15)..,activo,False,"septiembre, diciembre, octubre",2026-02-01,,,,,,
PP,PP_dcc5d11e6b,ENG AJO POLVO DP X 30 (0.10)..,activo,False,"julio, diciembre, enero",2026-02-01,,,,,,
PP,PP_42a9a7e50a,ENG AJO POLVO FDA 25G,activo,False,"enero, septiembre, febrero",2026-02-01,,,,,,
PP,PP_81401c0732,ENG ALBAHACA FDA 15G $0.25,activo,True,"enero, febrero, agosto",2026-02-01,,,,,,
PP,PP_38d76f4f62,ENG ALIÑO DP X 30 (0.10),activo,False,"enero, septiembre, agosto",2026-02-01,,,,,,
PP,PP_13446f5786,ENG ANIS ESPANOL DP X 15 (0.10),activo,True,"enero, febrero, agosto",2026-02-01,,,,,,
PP,PP_bc6f7f48f2,ENG ANIS ESPANOL DP X 30 (0.10),inactivo,False,"noviembre, septiembre, agosto",2024-11-01,,,,,,
PP,PP_ca646acadd,ENG ANIS ESPAÑOL DP X 10 (0.25),activo,False,"agosto, enero, febrero",2026-02-01,,,,,,
PP,PP_dfe4fe9658,ENG ANIS ESTRELLAD DP.X30(0.15),activo,False,"octubre, febrero, septiembre",2026-02-01,,,,,,
PP,PP_9648eb3283,ENG ANIS ESTRELLADO DPX10 (0.30,activo,False,"octubre, septiembre, noviembre",2026-02-01,,,,,,
PP,PP_e703259772,ENG APANADURA DISP X 20 (0.25),activo,False,"octubre, enero, agosto",2026-02-01,,,,,,
PP,PP_6842dee4eb,ENG ASI COCINO R DISP X 15(0.10,activo,False,"junio, febrero, septiembre",2026-02-01,,,,,,
PP,PP_1858d77516,ENG ASI COCINO R DISP X 30(0.10,inactivo,True,"enero, noviembre, octubre",2025-02-01,,,,,,
PP,PP_92b8043cd0,ENG ASI COCINO RICO DISP X 10 (,activo,False,"enero, agosto, noviembre",2026-02-01,,,,,,
PP,PP_2ddb9c40c9,ENG BICARBONATO X 30 (0.15),activo,False,"enero, octubre, julio",2026-02-01,,,,,,
PP,PP_d665ef4ceb,ENG CALDO DE GALLINA 8GR,activo,False,"noviembre, agosto, septiembre",2026-02-01,,,,,,
PP,PP_78d0591ed5,ENG CANELA MOLIDA DISP X 10 (0.,activo,False,"enero, agosto, septiembre",2026-02-01,,,,,,
PP,PP_cd5c6c4494,ENG CANELA MOLIDA DP X 30 (0.15,activo,False,"agosto, enero, febrero",2026-02-01,,,,,,
PP,PP_17210e6841,ENG CANELA RAMA DISP X 15 (0.20,activo,False,"julio, febrero, septiembre",2026-02-01,,,,,,
PP,PP_fb23ede137,ENG CANELA RAMA DISP X 30 (0.15,inactivo,True,"agosto, enero, diciembre",2025-02-01,,,,,,
PP,PP_74419068a5,ENG CANELA RAMA DSP. X 10 (0.30,inactivo,True,"noviembre, octubre, enero",2025-02-01,,,,,,
PP,PP_7d84f0a6b3,ENG CANELA RAMA DSP. X 10 (0.40,activo,False,"septiembre, marzo, junio",2026-02-01,,,,,,
PP,PP_5b6be211d3,ENG CLAVO OLOR DISP X 10 (0.25),activo,False,"septiembre, octubre, noviembre",2026-02-01,,,,,,
PP,PP_351a61690c,ENG CLAVO OLOR DISP X 30(0.15),activo,False,"octubre, noviembre, febrero",2026-02-01,,,,,,
PP,PP_5f77ff0e64,ENG COMINO MOLIDO DP X 10(0.25),activo,False,"enero, agosto, noviembre",2026-02-01,,,,,,
PP,PP_ab02ef2d26,ENG COMINO MOLIDO DP X 30 (0.10,activo,False,"julio, octubre, enero",2026-02-01,,,,,,
PP,PP_b7db6b0104,ENG CURCUMA DISPLAY X 10 ($0.25,activo,False,"enero, diciembre, septiembre",2026-02-01,,,,,,
PP,PP_78aa27e970,ENG EL ARTESANCALDO DE GALLINA,activo,False,"febrero, enero, diciembre",2026-02-01,,,,,,
PP,PP_3ba1861b17,ENG GRAGEAS DISPLAY X 10 (0.25),activo,False,"septiembre, febrero, agosto",2026-02-01,,,,,,
PP,PP_73979460e2,ENG ISHPINGO DISP X 10 (0.25),activo,True,"septiembre, octubre",2025-09-01,,,,,,
PP,PP_4d7b8b92a2,ENG ISHPINGO DISP X 10 (0.75),activo,False,"octubre, septiembre",2025-10-01,,,,,,
PP,PP_80236cf310,ENG LAUREL DP X 10 (0.25),activo,False,"enero, agosto, septiembre",2026-02-01,,,,,,
PP,PP_f1e3989763,ENG LAUREL DP X 30 (0.15),inactivo,True,"enero, septiembre, noviembre",2025-01-01,,,,,,
PP,PP_ee2464956a,ENG LEVADURA DISPLAY X 10(0.30),activo,False,"enero, julio, agosto",2026-02-01,,,,,,
PP,PP_6550ae9696,ENG LINAZA DISP X 10 (0.25),activo,False,"enero, septiembre, julio",2026-02-01,,,,,,
PP,PP_1bfc5cfe9d,ENG MANI EN PASTA DISP X 10 (0.,activo,False,"julio, septiembre, noviembre",2026-02-01,,,,,,
PP,PP_5fb99e7d17,ENG MAYONESA DPX12 )..,activo,False,"enero, julio, octubre",2026-01-01,,,,,,
PP,PP_b73a6fa81e,ENG MOSTAZA DP X12 ),activo,False,"diciembre, octubre, agosto",2025-12-01,,,,,,
PP,PP_9dbc1982e7,ENG OREGANO DISPLA Y  X10 (0.25,activo,False,"enero, diciembre, septiembre",2026-02-01,,,,,,
PP,PP_7c1642fbdc,ENG OREGANO DP X 30 (0.10),activo,False,"julio, enero, agosto",2026-02-01,,,,,,
PP,PP_661371f6f9,ENG PAPRIKA DISPLAY X 10 ($0.25,activo,False,"enero, diciembre, agosto",2026-01-01,,,,,,
PP,PP_70d6f09e73,ENG PIMIENTA MOL DP X 15 (0.10),activo,False,"agosto, octubre, enero",2026-02-01,,,,,,
PP,PP_d61bb6184c,ENG PIMIENTA MOL DP.X 10 (0.25),activo,False,"enero, febrero, julio",2026-02-01,,,,,,
PP,PP_2bb0a8c1b2,ENG PIMIENTA OLOR DP X 10($0.25,activo,False,"septiembre, octubre, noviembre",2026-01-01,,,,,,
PP,PP_1312ada4f0,ENG PIMIENTA OLOR DP X 15 (0.15,activo,False,"febrero, octubre, abril",2026-02-01,,,,,,
PP,PP_24bf23643b,ENG PIMIENTA OLOR DP X 30 (0.15,inactivo,False,"noviembre, agosto, septiembre",2024-12-01,,,,,,
PP,PP_9023904cf1,ENG POLVO HORNEAR DP X 10(0.25),activo,False,"agosto, febrero, diciembre",2026-02-01,,,,,,
PP,PP_8d1df03bbc,ENG POLVO HORNEAR DP X 15 (0.15,activo,False,"agosto, diciembre, febrero",2026-01-01,,,,,,
PP,PP_043c5b653f,ENG ROMERO FDA 10G 10 $0.25,activo,True,"enero, agosto, noviembre",2026-01-01,,,,,,
PP,PP_c4c738a9ab,ENG S. TOMATE DP X12 ),activo,True,"julio, enero, octubre",2026-01-01,,,,,,
PP,PP_d46122f2a0,ENG SAZONADOR DISPLAY X 15 ($0.,activo,False,"septiembre, agosto, noviembre",2026-02-01,,,,,,
PP,PP_3e6e1db1ff,ENG TOMILLO FDA 10G $0.25,activo,False,"enero, diciembre, febrero",2026-02-01,,,,,,
PP,PP_c3d440376f,ESPECIAS PARA SAL PARRILLERA,activo,True,"octubre, noviembre, marzo",2026-02-01,,,,,,
PP,PP_4eca00e743,FLOR JAMAICA SELECIONADA,activo,False,"febrero, enero, octubre",2026-02-01,,,,,,
PP,PP_3ef72e20eb,HARINA DE MOSTAZA PARA S.COMPLE,activo,True,"enero, octubre, septiembre",2026-01-01,,,,,,
PP,PP_4cb6e35920,HARINA DE MOSTAZA PRODUCCION GR,activo,False,"diciembre, septiembre, agosto",2026-02-01,,,,,,
PP,PP_7c4c784905,JENGIBRE MOLIDO GRANEL,activo,True,"noviembre, marzo, septiembre",2026-01-01,,,,,,
PP,PP_5d5699e9b8,JENGIBRE SELECCIONADO,activo,True,"marzo, octubre, julio",2026-01-01,,,,,,
PP,PP_fabd05c94c,LAUREL SELECCIONADO,activo,True,"enero, diciembre, noviembre",2026-02-01,,,,,,
PP,PP_56178c817b,LENTEJA SELECCIONADA,activo,True,"julio, febrero, abril",2025-04-01,,,,,,
PP,PP_a239274c36,LINAZA GRANEL SELECIONADA,inactivo,False,"septiembre, noviembre, octubre",2024-11-01,,,,,,
PP,PP_f0edc32db4,LO ENG AJO PASTA DISPLAY X30,activo,True,"junio, noviembre",2025-06-01,,,,,,
PP,PP_f2386d81fa,LO ENG ALIÑO COMPLETO DISPLAY,activo,True,"junio, noviembre, mayo",2025-06-01,,,,,,
PP,PP_813bdbb52e,LO ENG BICARBONATO DISPLAY X30,activo,True,"marzo, mayo, octubre",2025-07-01,,,,,,
PP,PP_a509982baf,LO ENG SAZON COMPLETA DISPLAY X,activo,False,julio,2025-07-01,,,,,,
PP,PP_08dcc7f793,MAYONESA BAJA EN CALORIAS KILOS,inactivo,False,septiembre,2024-09-01,,,,,,
PP,PP_56fdcb366a,MAYONESA CREMOSA KL GRANEL GRAN,activo,False,"octubre, septiembre, noviembre",2025-11-01,,,,,,
PP,PP_8dac6473ca,MAYONESA CREMOSA KL GRANEL PEQU,activo,False,"octubre, septiembre",2025-10-01,,,,,,
PP,PP_fe9bfe0f49,MAYONESA GRANEL PROCESOS,activo,True,"noviembre, octubre, enero",2026-02-01,,,,,,
PP,PP_68c16151b6,MAYONESA KILOS GRAN LIMON GRAND,activo,False,"septiembre, octubre",2025-10-01,,,,,,
PP,PP_2d93225bd0,MAYONESA KILOS GRANEL,activo,False,"octubre, diciembre, julio",2025-06-01,,,,,,
PP,PP_2ce87705e7,MAYONESA KILOS GRANEL LIMON (FZ,activo,False,"diciembre, enero, agosto",2026-02-01,,,,,,
PP,PP_75830f137c,MERMELADA DE PIÑA GRANEL KILOS,activo,False,"agosto, enero, diciembre",2026-02-01,,,,,,
PP,PP_698f44f3e4,MIX DE PIMIENTAS GRANEL,activo,True,"enero, febrero, octubre",2026-02-01,,,,,,
PP,PP_b53eab8275,MIX DE PIMIENTAS LIBRAS GRANEL,inactivo,False,septiembre,2024-09-01,,,,,,
PP,PP_e1f677ba10,MIX DE PIMIENTOS KILOS GRANEL,activo,True,"febrero, noviembre, septiembre",2025-11-01,,,,,,
PP,PP_9863243b8d,MOSTAZA GRANEL PARA SAZONADOR C,activo,True,"octubre, enero, septiembre",2026-01-01,,,,,,
PP,PP_01396889e6,MOSTAZA PRODUCCIÓN GRANEL,activo,False,"enero, septiembre, agosto",2026-02-01,,,,,,
PP,PP_a88c807aa7,MOSTAZA SEMILLA MOLIDA PURA QSI,activo,True,"diciembre, enero, noviembre",2026-01-01,,,,,,
PP,PP_dcb51a8873,NUEZ MOSCADA MOLIDA KILOS GRAN,activo,True,"noviembre, junio, enero",2026-01-01,,,,,,
PP,PP_f183dae782,NUEZ MOSCADA MOLIDA LIBRAS GRAN,inactivo,False,julio,2024-07-01,,,,,,
PP,PP_a4e0fd53b4,OREGANO MOLIDO PARA EMPACAR LIB,activo,True,"septiembre, enero, octubre",2026-01-01,,,,,,
PP,PP_858180e267,OREGANO SELECIONADO,activo,False,"septiembre, julio, agosto",2025-11-01,,,,,,
PP,PP_5a549ec418,PAPRIKA MOLIDA PURA GRANEL,activo,False,septiembre,2025-09-01,,,,,,
PP,PP_8f3a82aaf0,PAPRIKA PRODUCCION  GRANEL,activo,False,"octubre, febrero, diciembre",2026-02-01,,,,,,
PP,PP_5c7edf6553,PAPRIKA SELECCIONADA,activo,False,"diciembre, octubre, febrero",2026-02-01,,,,,,
PP,PP_2b02b7908d,PICAJIN GRANULADO K,activo,True,"septiembre, noviembre, febrero",2026-02-01,,,,,,
PP,PP_074487ab78,PIMIENTA DE OLOR SELECCIONADA,activo,False,"noviembre, enero, febrero",2026-02-01,,,,,,
PP,PP_8f1b3fbf13,PIMIENTA MOLIDA PARA EMPACAR GR,activo,False,"enero, septiembre, julio",2026-02-01,,,,,,
PP,PP_030bd5d7fd,PULPA DE PIÑA GRANEL KILOS,activo,False,"agosto, enero, diciembre",2026-02-01,,,,,,
PP,PP_5a76dacb54,SAL HIMALAYA FINAS HIERBAS GRAN,activo,False,"octubre, diciembre, noviembre",2026-02-01,,,,,,
PP,PP_318a7ec748,SAL HIMALAYA MIX PIMIENTAS GRAN,activo,False,octubre,2025-10-01,,,,,,
PP,PP_a8edabcd8d,SAL HIMALAYA MOLIDA GRANEL PP,activo,True,"julio, enero, junio",2026-01-01,,,,,,
PP,PP_bf606b036b,SAL HIMALAYA MOLIDA YODADA MEZC,inactivo,False,"agosto, septiembre, noviembre",2024-11-01,,,,,,
PP,PP_7f1a6788dd,SAL MARINA FINAS HIERBAS GRANEL,activo,False,"octubre, enero, mayo",2026-02-01,,,,,,
PP,PP_0dfdcdd677,SAL MARINA MIX PIMIENTAS GRANEL,activo,False,"octubre, diciembre, agosto",2025-12-01,,,,,,
PP,PP_75ffd52319,SAL MARINA YODADA MEZCLADA,inactivo,True,"febrero, noviembre, octubre",2025-02-01,,,,,,
PP,PP_94e3303de3,SAL PARRILLERA ESPECIAS GRANEL,activo,True,"febrero, agosto, noviembre",2026-02-01,,,,,,
PP,PP_fb7d0dea57,SALSA AMARILLA FINAS HIERBAS GR,activo,True,"mayo, noviembre, octubre",2025-06-01,,,,,,
PP,PP_909c5cd721,SALSA CIRUELA GRANEL KL,activo,True,"diciembre, octubre, noviembre",2025-12-01,,,,,,
PP,PP_ebb25c1b37,SALSA CON TOMATE GRANEL,activo,True,"octubre, marzo, junio",2025-06-01,,,,,,
PP,PP_cc790fee2b,SALSA DE AJO GRANEL,activo,False,"noviembre, agosto, febrero",2026-02-01,,,,,,
PP,PP_6b7d3c5992,SALSA DE AJO GRANEL GRANDE,activo,False,"octubre, septiembre",2025-10-01,,,,,,
PP,PP_ef087b8646,SALSA DE AJO GRANEL PQUEÑA,activo,False,"octubre, septiembre",2025-10-01,,,,,,
PP,PP_47f96c267a,SALSA DE ALBAHACA GRANEL,activo,False,"julio, noviembre, enero",2026-02-01,,,,,,
PP,PP_56fe8fbb95,SALSA DE ALBAHACA GRANEL GRANDE,activo,False,"septiembre, octubre",2025-10-01,,,,,,
PP,PP_4c098970aa,SALSA DE ALBAHACA GRANEL PQUEÑA,activo,False,"octubre, septiembre",2025-10-01,,,,,,
PP,PP_5f27920450,SALSA GOLF GRANEL KL,activo,True,"enero, julio, octubre",2026-02-01,,,,,,
PP,PP_0aebe3b1a0,SALSA TERIYAKI PRODUCCION GRANE,activo,False,"noviembre, febrero, enero",2026-02-01,,,,,,
PP,PP_c8926fad12,SALSA TOMATE PRODUCCION GRANEL,activo,False,"diciembre, noviembre, agosto",2026-02-01,,,,,,
PP,PP_1970d92c52,SAZONADOR CON AZAFRAN LIBRAS GR,activo,True,"enero, noviembre, agosto",2026-01-01,,,,,,
PP,PP_6f3e3ed282,SAZONADOR SALSA DE TOMATE,activo,True,"febrero, noviembre, mayo",2026-02-01,,,,,,
PP,PP_d54c83fdf0,SM.SELECTION AJO FUNDA  300G,activo,False,"julio, octubre, agosto",2025-10-01,,,,,,
PP,PP_8752c58b77,SM.SELECTION CANELA FUNDA  100G,activo,False,"octubre, agosto, mayo",2025-10-01,,,,,,
PP,PP_2716bd7e57,SM.SELECTION CEBOLL FUNDA  300G,activo,False,"octubre, agosto, julio",2025-10-01,,,,,,
PP,PP_d2187b7230,"SM.SELECTION COM, M FUNDA  300G",activo,False,"agosto, junio, octubre",2025-10-01,,,,,,
PP,PP_7313f190ba,SM.SELECTION CURCUMA FUNDA 250G,activo,False,"julio, agosto, septiembre",2025-10-01,,,,,,
PP,PP_e8873b9c88,SM.SELECTION CURRY FUNDA 250G,activo,True,"junio, enero, abril",2025-06-01,,,,,,
PP,PP_3d652b3521,SM.SELECTION LAUREL FUNDA 30G,activo,False,"agosto, septiembre, octubre",2025-10-01,,,,,,
PP,PP_fe5cf2dd6d,SM.SELECTION OREGANO FUNDA 60G,activo,False,"octubre, mayo, enero",2025-10-01,,,,,,
PP,PP_98414d19e9,SM.SELECTION PAPRIKA FUNDA 250G,activo,False,"agosto, octubre, julio",2025-10-01,,,,,,
PP,PP_1b7cb47b6c,SM.SELECTION PIM. MO FUNDA 300G,activo,False,"julio, octubre, junio",2025-10-01,,,,,,
PP,PP_d21e564bf7,SM.SELECTION ROMERO FUNDA 50G,activo,False,"julio, agosto, enero",2025-10-01,,,,,,
PP,PP_ad54a4fb15,SMART SELECTION AJO FUNDA  300G,activo,True,"diciembre, noviembre, febrero",2026-02-01,,,,,,
PP,PP_ccab01e7f1,SMART SELECTION CANELA FUNDA  1,activo,True,"diciembre, enero, noviembre",2026-02-01,,,,,,
PP,PP_6e91e3ccfb,SMART SELECTION CEBOLLA FUNDA,activo,True,"diciembre, febrero, noviembre",2026-02-01,,,,,,
PP,PP_c40b2f1d73,SMART SELECTION COMINO MOLIDO F,activo,True,"diciembre, febrero, noviembre",2026-02-01,,,,,,
PP,PP_58ef806829,SMART SELECTION CURCUMA FUNDA,activo,True,"diciembre, noviembre, octubre",2026-02-01,,,,,,
PP,PP_f1559f2334,SMART SELECTION LAUREL FUNDA  3,activo,True,"diciembre, enero, febrero",2026-02-01,,,,,,
PP,PP_e7834c6d04,SMART SELECTION OREGANO FUNDA 6,activo,True,"enero, diciembre, noviembre",2026-02-01,,,,,,
PP,PP_2e061c1b69,SMART SELECTION PAPRIKA FUNDA 2,activo,True,"diciembre, noviembre, febrero",2026-02-01,,,,,,
PP,PP_d41cd61bc3,SMART SELECTION PIMIENTA MOLIDA,activo,True,"diciembre, noviembre, enero",2026-02-01,,,,,,
PP,PP_0d74cde952,SMART SELECTION ROMERO FUNDA 50,activo,True,"diciembre, enero, febrero",2026-02-01,,,,,,
PP,PP_72ea720a65,TOMILLO SELECCIONADO,inactivo,True,"enero, septiembre",2025-01-01,,,,,,
PT,PT_8424,*  ALIÑO COMPLETO DISPLAY X 15 (0.10)(8424),activo,True,"diciembre, octubre, noviembre",2026-03-01,,,,,,
PT,PT_2026,* ACHIO PAST BALDE PEQ(2026),activo,False,"enero, mayo, agosto",2026-03-01,,,,,,
PT,PT_2330,* ACHIO PAST DISPLAY X 30(2330),activo,False,"enero, marzo, febrero",2026-03-01,,,,,,
PT,PT_2439,* ACHIO PAST VASO 120GR(2439),activo,False,"marzo, febrero, julio",2026-03-01,,,,,,
PT,PT_3528,* ACHIO PAST VASO 200GR(3528),activo,False,"marzo, febrero, diciembre",2026-03-01,,,,,,
PT,PT_6993,* ACHIOTE PASTA REFRITO 100GR(6993),activo,True,"septiembre, agosto, octubre",2026-03-01,,,,,,
PT,PT_6610,* ACHIOTE PASTA REFRITO 110GR(6610),activo,False,"octubre, noviembre, febrero",2025-08-01,,,,,,
PT,PT_6603,* ACHIOTE PASTA REFRITO 200GR(6603),activo,True,"octubre, noviembre, diciembre",2026-02-01,,,,,,
PT,PT_6949,* AJI CON MANI FRASCO DE 225G(6949),activo,False,"noviembre, febrero, marzo",2026-03-01,,,,,,
PT,PT_6932,* AJI EN MANI FRASCO 112 G (6932),activo,False,"marzo, enero, febrero",2026-03-01,,,,,,
PT,PT_5101,* AJI PICO DE GALLO RANCHERO 220 GR (5101),inactivo,False,"julio, febrero, marzo",2023-08-01,,,,,,
PT,PT_6054,* AJí CON MARACUYA 150G (6054),activo,False,"enero, julio, febrero",2026-03-01,,,,,,
PT,PT_6764,* AJí CON PEPA DE SAMBO FRASCO 150G (6764),activo,True,"noviembre, diciembre, septiembre",2026-01-01,,,,,,
PT,PT_6047,* AJí TABASCO 150G (6047),activo,False,"enero, julio, diciembre",2026-03-01,,,,,,
PT,PT_6771,* AJí TRADICIONAL A LA PIEDRA FRASCO 150G (6771),activo,True,"septiembre, noviembre, enero",2026-01-01,,,,,,
PT,PT_5889,* AKI ALIÑO COMPL BOT 380GR(5889),activo,False,"octubre, diciembre, marzo",2026-03-01,,,,,,
PT,PT_5285,* AKI ALIÑO COMPL FDA  200G(5285),activo,False,"agosto, febrero, marzo",2026-03-01,,,,,,
PT,PT_5902,* AKI CHIMI BOT 380GR (5902),activo,False,"julio, marzo, diciembre",2026-03-01,,,,,,
PT,PT_5278,* AKI CHIMI FDA  200GR (5278),inactivo,False,"enero, febrero, marzo",2023-03-01,,,,,,
PT,PT_5896,* AKI SAZON COMPL BOT 380G(5896),activo,False,"octubre, diciembre, septiembre",2026-03-01,,,,,,
PT,PT_5254,* AKI SAZON COMPL DP 200G(5254),activo,False,"diciembre, julio, marzo",2026-03-01,,,,,,
PT,PT_1531,* ALINO BALDE 4 KL (1531),activo,False,"agosto, enero, febrero",2026-03-01,,,,,,
PT,PT_8608,* ALINO BOT 310 GRS. (8608),activo,False,"marzo, noviembre, enero",2026-03-01,,,,,,
PT,PT_0756,* ALINO BOT 380 GRS. (0756),activo,False,"diciembre, marzo, noviembre",2026-03-01,,,,,,
PT,PT_0213,* ALINO BOT 500 GRS. (0213),activo,False,"noviembre, octubre, marzo",2026-03-01,,,,,,
PT,PT_3917,* ALINO COMP FCO 1KIL(3917),activo,False,"diciembre, enero, marzo",2026-03-01,,,,,,
PT,PT_4747,* ALINO DOYPACK VALV  200G(4747,activo,False,"diciembre, octubre, noviembre",2026-03-01,,,,,,
PT,PT_1844,* ALINO DOYPACK VALV  400G(1844),activo,False,"diciembre, enero, marzo",2026-03-01,,,,,,
PT,PT_9060,* ALINO FDA 200 GRS. (9060),activo,False,"marzo, enero, febrero",2026-03-01,,,,,,
PT,PT_9053,* ALINO FDA 400 GRS. (9053),activo,False,"marzo, enero, febrero",2026-03-01,,,,,,
PT,PT_4488,* ALINO FDA 90 GRS (4488),activo,False,"mayo, enero, diciembre",2026-03-01,,,,,,
PT,PT_4340,* ALIÑO AHUMADO FINAS HIERBAS BOT 310 GRS. (4340),activo,False,"enero, noviembre, diciembre",2026-03-01,,,,,,
PT,PT_1111,* ALIÑO COMPLETO DISPLAY X 30 ($0.10)1111),activo,False,"enero, marzo, febrero",2026-03-01,,,,,,
PT,PT_0122,* AMAZONAS ACHIOTE P VASO120G(0122),activo,True,"enero, agosto, abril",2026-01-01,,,,,,
PT,PT_a4723db8ce,* AMAZONAS ACHIOTE PASTA DISP X 30,activo,False,"enero, mayo, septiembre",2026-03-01,,,,,,
PT,PT_0795,* AMAZONAS ALINO BOT 380G(0795),activo,False,"enero, septiembre, octubre",2026-01-01,,,,,,
PT,PT_0955,* AMAZONAS ALINO BOT 485G(0955),activo,False,"marzo, julio, mayo",2026-03-01,,,,,,
PT,PT_894dc51aca,* AMAZONAS ALINO DISPLAY X 30 ($0.10),activo,False,"agosto, octubre, abril",2026-03-01,,,,,,
PT,PT_0115,* AMAZONAS ALINO FDA 400G(0115),activo,False,"enero, septiembre, abril",2026-03-01,,,,,,
PT,PT_0085,* AMAZONAS ALINO FUNDA 200G(0085),activo,False,"julio, agosto, mayo",2026-03-01,,,,,,
PT,PT_0091,* AMAZONAS CHIMICHURRI BOT 360G(0091),inactivo,False,octubre,2023-10-01,,,,,,
PT,PT_0528,* AMAZONAS GLUTAMATO DISP X 30(0528),activo,False,"marzo, julio, enero",2026-03-01,,,,,,
PT,PT_0764,* AMAZONAS LEVADURA DISP X 30(0764),activo,True,"mayo, marzo, septiembre",2026-03-01,,,,,,
PT,PT_0672,* AMAZONAS POLVO HORNEAR  DX 30($0.15)(0672),activo,True,"octubre, julio, agosto",2026-01-01,,,,,,
PT,PT_5637,* ASI COCINO RICO DISP X 10 ($0.25)(5637),activo,False,"enero, mayo, julio",2026-03-01,,,,,,
PT,PT_3404,* ASI COCINO RICO DISP X 15 ($0.10)(3404),activo,False,"julio, junio, enero",2026-03-01,,,,,,
PT,PT_2118,* ASI COCINO RICO DISPX30 ($0.10)(2118),activo,False,"enero, febrero, marzo",2026-03-01,,,,,,
PT,PT_4104,* ASI COCINO RICO FCO 60G(4104),activo,False,"julio, abril, enero",2026-03-01,,,,,,
PT,PT_6178,* ASI COCINO RICO FDA 100G(6178),activo,False,"enero, marzo, julio",2026-03-01,,,,,,
PT,PT_0503,* ASI COCINO RICO FDA200G(0503),inactivo,False,"enero, abril, marzo",2024-04-01,,,,,,
PT,PT_7809,* ASI COCINO RICO KILO (7809),activo,False,"enero, marzo, febrero",2026-03-01,,,,,,
PT,PT_3398,* BICARBONATO DE SODIO DOYPACK 200G(3398),activo,False,"marzo, febrero, enero",2026-03-01,,,,,,
PT,PT_1714,* BICARBONATO DE SODIO FDA 50G (1714),activo,False,"marzo, enero, febrero",2026-03-01,,,,,,
PT,PT_5002,* BICARBONATO DISPLAY X 15 ($0.15)(5002),activo,False,"enero, marzo, febrero",2026-03-01,,,,,,
PT,PT_1691,* BICARBONATO DISPLAY X 30 (0.15) (1691),activo,False,"enero, marzo, febrero",2026-03-01,,,,,,
PT,PT_1813,* BICARBONATO FCO 60G $0.99 (1813),activo,False,"enero, marzo, octubre",2026-03-01,,,,,,
PT,PT_6986,* CALDO DE GALLINA 48 GR (6986),activo,True,"febrero, noviembre, marzo",2026-03-01,,,,,,
PT,PT_5057,* CALDO DE GALLINA 64 GR (5057),activo,False,"noviembre, octubre, septiembre",2025-09-01,,,,,,
PT,PT_5941,* CALDO DE GALLINA FRASCO 70G (5941),activo,False,"noviembre, marzo, diciembre",2026-03-01,,,,,,
PT,PT_4ffc48d7f5,* CALDO DE GALLINA KILO,activo,False,diciembre,2025-12-01,,,,,,
PT,PT_0647,* CHIFLE MADURITO FDA 150G(0647),activo,False,"marzo, febrero, mayo",2026-03-01,,,,,,
PT,PT_0128,* CHIFLE PICANTE FUNDA 150G(0128),activo,False,"marzo, diciembre, febrero",2026-03-01,,,,,,
PT,PT_0111,* CHIFLES  LARGOS FUNDA 150G(0111),activo,False,"febrero, octubre, julio",2026-03-01,,,,,,
PT,PT_0777,* CHIFLES REDONDO FUNDA 150g(0777),activo,False,"diciembre, enero, octubre",2026-03-01,,,,,,
PT,PT_4402,* CHIMICHURRI BALDE DE 4 KLS(4402),activo,False,"febrero, agosto, mayo",2026-03-01,,,,,,
PT,PT_8622,* CHIMICHURRI BOT 310 GRS. (8622),activo,False,"enero, febrero, noviembre",2026-03-01,,,,,,
PT,PT_1395,* CHIMICHURRI BOT 380 GRS. (1395),activo,False,"marzo, febrero, diciembre",2026-03-01,,,,,,
PT,PT_1388,* CHIMICHURRI BOT 500 GRS. (1388),activo,False,"octubre, marzo, agosto",2026-03-01,,,,,,
PT,PT_5033,* CHIMICHURRI DESHIDRATADO FRASCO 30 GR (5033),activo,False,"octubre, agosto, marzo",2026-03-01,,,,,,
PT,PT_4662,* CHIMICHURRI DOYPACK VALV 200G(4662),activo,False,"noviembre, febrero, enero",2026-03-01,,,,,,
PT,PT_2309,* CHIMICHURRI FDA 200 GRS(2309),activo,False,"octubre, febrero, mayo",2026-03-01,,,,,,
PT,PT_0861,* CHIMICHURRI NATURAL FCO 215G(0861),activo,False,"febrero, diciembre, enero",2026-03-01,,,,,,
PT,PT_0878,* CHIMICHURRI PICANTE FCO 215G(0878),activo,False,"febrero, septiembre, marzo",2026-03-01,,,,,,
PT,PT_4143,* COMBO N.1 ALINO 380G+CHIMI380GR+CALDO GALLINA 8g(4143),activo,False,"diciembre, marzo, junio",2026-03-01,,,,,,
PT,PT_6499,* COMBO N.13(SAL AJO+SALCEBOA+ (6499),activo,False,"marzo, febrero, junio",2025-09-01,,,,,,
PT,PT_5804,* COMBO N.20 ALIÑO 310G+SAL MARINA FCO70G+ PRODUCTO GRATIS (5804),inactivo,False,junio,2023-06-01,,,,,,
PT,PT_4167,* COMBO N.3 ALINO 500G+CHIMICHU500 GRS. (4167),activo,False,"marzo, enero, febrero",2026-03-01,,,,,,
PT,PT_4525,* COMBO N.5 SAZON380G+ ALINO BOT 310+ALIÑO(4525),activo,False,"marzo, mayo, diciembre",2026-03-01,,,,,,
PT,PT_4563,* COMBO N.6 SAZO 500G+CHIMI 380+ ALINO 90G (4563),activo,False,"marzo, junio, febrero",2025-11-01,,,,,,
PT,PT_6468,* COMBO N.8 (SAZON+CHIMICH200G+ALIN90G(6468),activo,False,"marzo, febrero, enero",2026-03-01,,,,,,
PT,PT_6313,* CREMA DE CHAMPINONES 70GR (6313),activo,False,"noviembre, diciembre, julio",2026-03-01,,,,,,
PT,PT_6320,* CREMA DE CHOCLO 70GR (6320),activo,False,"noviembre, diciembre, mayo",2026-03-01,,,,,,
PT,PT_0310,* DON HECTOR MAYONESA FRASCO 250 G (0310),activo,True,"febrero, abril, octubre",2026-03-01,,,,,,
PT,PT_0303,* DON HECTOR MOSTAZA FRASCO 300 G (0303),activo,True,"febrero, marzo, mayo",2026-03-01,,,,,,
PT,PT_0297,* DON HECTOR SALSA DE TOMATE FRASCO 300 G (0297),activo,True,"febrero, abril, octubre",2026-03-01,,,,,,
PT,PT_8619,* EL ARTESANAL ACEITE OLIVA EXTRA VIRGEN 200ML (8619),activo,True,"septiembre, enero, diciembre",2026-03-01,,,,,,
PT,PT_4715,* EL ARTESANAL ACEITE OLIVA EXTRA VIRGEN 250 ML (4715),activo,False,"julio, diciembre, marzo",2026-03-01,,,,,,
PT,PT_3165,* EL ARTESANAL AJI CON MANI 225 G (3165),activo,False,"abril, agosto, febrero",2026-03-01,,,,,,
PT,PT_3158,* EL ARTESANAL AJI PICANTE FRASCO 115G (3158),activo,True,"abril, febrero, diciembre",2025-04-01,,,,,,
PT,PT_4230,* EL ARTESANAL ALINO BOTELLA  500 G (4230),activo,False,"octubre, diciembre, julio",2026-03-01,,,,,,
PT,PT_6615,* EL ARTESANAL ALIÑO COMPLETO DOYPACK 215G (6615),activo,True,"diciembre, marzo, noviembre",2026-03-01,,,,,,
PT,PT_4865,* EL ARTESANAL BBQ PICANTE DOYPACK  200G (4865),activo,False,"julio, enero, diciembre",2026-03-01,,,,,,
PT,PT_6906,* EL ARTESANAL BOLITAS DE TAMARINDO 95G(6906),activo,False,"junio, agosto, mayo",2026-03-01,,,,,,
PT,PT_4261,* EL ARTESANAL CALDO DE GALLINA 64G (4261),activo,False,"diciembre, marzo, febrero",2026-03-01,,,,,,
PT,PT_2433,* EL ARTESANAL CALDO DE GALLINA FRASCO 70G (2433),activo,True,"diciembre, julio, febrero",2026-03-01,,,,,,
PT,PT_4254,* EL ARTESANAL CHIMICHURRI BOTELLA 500 G (4254),activo,False,"abril, marzo, diciembre",2026-03-01,,,,,,
PT,PT_6340,* EL ARTESANAL CHOCOLATE FUNDA DE 200G (6340),activo,False,"mayo, diciembre, abril",2026-03-01,,,,,,
PT,PT_6333,* EL ARTESANAL CHOCOLATE FUNDA DE 90GRS (6333),activo,False,"mayo, diciembre, abril",2026-03-01,,,,,,
PT,PT_4872,* EL ARTESANAL ESENCIA DE COCO 100 ML (4872),activo,False,"mayo, abril, febrero",2026-03-01,,,,,,
PT,PT_4889,* EL ARTESANAL ESENCIA DE MENTA 100 ML (4889),activo,False,"mayo, abril, julio",2026-03-01,,,,,,
PT,PT_4708,* EL ARTESANAL ESENCIA DE VAINILLA 100 ML (4708),activo,False,"febrero, marzo, diciembre",2026-03-01,,,,,,
PT,PT_7606,* EL ARTESANAL GRAGEAS FRASCO 85G (7606),activo,False,"julio, diciembre, febrero",2026-03-01,,,,,,
PT,PT_6883,* EL ARTESANAL MAIZ GIGANTE CHILE LIMON 80GR (6883),activo,True,"febrero, diciembre, agosto",2026-03-01,,,,,,
PT,PT_6876,* EL ARTESANAL MAIZ GIGANTE NATURAL 80GR (6876),activo,False,"enero, febrero, julio",2026-03-01,,,,,,
PT,PT_4951,* EL ARTESANAL MAYONESA 180 GR (4951),activo,False,"octubre, diciembre, noviembre",2026-03-01,,,,,,
PT,PT_7866,* EL ARTESANAL MOSTAZA DOYPACK DE 200G (7866)..,activo,False,"diciembre, noviembre, enero",2026-03-01,,,,,,
PT,PT_7538,* EL ARTESANAL SAL AHUMADA FRASCO 70G (7538),activo,False,"junio, diciembre, enero",2026-03-01,,,,,,
PT,PT_7590,* EL ARTESANAL SAL MARINA FINAS HIERBAS FRASCO 70G (7590),activo,False,"junio, enero, marzo",2026-03-01,,,,,,
PT,PT_8245,* EL ARTESANAL SALSA  AMARILLA DOYPACK DE 200G (8245),activo,True,"febrero, octubre, noviembre",2025-10-01,,,,,,
PT,PT_4821,* EL ARTESANAL SALSA BBQ ORIGINAL DOYPACK 200 GR (4821),activo,False,"octubre, enero, marzo",2026-03-01,,,,,,
PT,PT_8238,* EL ARTESANAL SALSA DE AJO DOYPACK DE 200G (8238),activo,False,"noviembre, mayo, julio",2026-03-01,,,,,,
PT,PT_4722,* EL ARTESANAL SALSA DE AJí 200G (4722),activo,False,"junio, febrero, enero",2026-03-01,,,,,,
PT,PT_8221,* EL ARTESANAL SALSA DE ALBAHACA DOYPACK DE 200G (8221),activo,False,"febrero, noviembre, diciembre",2026-03-01,,,,,,
PT,PT_4692,* EL ARTESANAL SALSA DE SOYA 150 ML (4692),activo,False,"febrero, enero, julio",2026-03-01,,,,,,
PT,PT_3172,* EL ARTESANAL SALSA DE SOYA 300 ML (3172),activo,True,"abril, noviembre, marzo",2025-12-01,,,,,,
PT,PT_4968,* EL ARTESANAL SALSA DE TOMATE 180 GR (4968),activo,False,"diciembre, octubre, noviembre",2026-03-01,,,,,,
PT,PT_7545,* EL ARTESANAL SAZON CARNES ROJAS FRASCO 70G (7545),activo,False,"junio, diciembre, marzo",2026-03-01,,,,,,
PT,PT_7569,* EL ARTESANAL SAZON FINAS HIERBAS FRASCO 50G (7569),activo,False,"junio, diciembre, julio",2026-03-01,,,,,,
PT,PT_7576,* EL ARTESANAL SAZON PARA  PESCADO/MARISCOS FRASCO 70G  (7576),activo,False,"junio, febrero, marzo",2026-03-01,,,,,,
PT,PT_7552,* EL ARTESANAL SAZON PARA CERDO FRASCO 60G (7552)..,activo,False,"junio, diciembre, enero",2026-03-01,,,,,,
PT,PT_7583,* EL ARTESANAL SAZON PARA POLLO FRASCO 70 GR (7583),activo,False,"junio, diciembre, febrero",2026-03-01,,,,,,
PT,PT_3081,* EL ARTESANAL SAZONA PAVO BOTELLA 500 ML (3081),activo,True,"diciembre, octubre, noviembre",2025-12-01,,,,,,
PT,PT_6608,* EL ARTESANAL SAZONADOR COMPLETO DOYPACK 250G (6608),activo,True,"diciembre, febrero, marzo",2026-03-01,,,,,,
PT,PT_6890,* EL ARTESANAL TOSTADO CON CHILE - LIMON 80GR (6890),activo,False,"julio, agosto, febrero",2026-03-01,,,,,,
PT,PT_6951,* EL ARTESANAL VINAGRE BOTELLA 220G (6951),activo,False,"junio, mayo, septiembre",2026-03-01,,,,,,
PT,PT_6944,* EL ARTESANAL VINAGRE MANZANA BOTELLA 220G (6944),activo,False,"enero, julio, agosto",2026-03-01,,,,,,
PT,PT_1091,* ESY CAFE TOSTADO Y MOLIDO 250G (1091),activo,True,"diciembre, marzo, enero",2026-03-01,,,,,,
PT,PT_2722,* ESY CHIMICHURRY 200 G (2722),activo,False,"febrero, marzo",2026-03-01,,,,,,
PT,PT_7026,* ESY MAYONESA DOYPACK 200G (7026),activo,False,"diciembre, septiembre, marzo",2026-03-01,,,,,,
PT,PT_7033,* ESY SALSA DE ALBAHACA DOYPACK 200G (7033),activo,True,"julio, junio, diciembre",2026-03-01,,,,,,
PT,PT_7040,* ESY SALSA DE QUESO CHEDDAR DOYPACK 200G (7040),activo,True,"septiembre, diciembre, agosto",2026-03-01,,,,,,
PT,PT_2030,* FRUTA CONFITADA 150G (2030),activo,False,"noviembre, diciembre",2025-12-01,,,,,,
PT,PT_5699,* GRAGEAS DISPLAY X10 ($0.25)(5699),activo,False,"julio, junio, mayo",2026-03-01,,,,,,
PT,PT_8332,* GRAGEAS DISPLAY X15 ($0.10)(8332),inactivo,False,"julio, agosto, junio",2024-10-01,,,,,,
PT,PT_7052,* GRAGEAS FCO LINEAL 150G(7052),activo,False,"febrero, abril, diciembre",2026-03-01,,,,,,
PT,PT_1180,* GRAGEAS FDA 200 GRS(1180),inactivo,False,"agosto, abril, septiembre",2024-02-01,,,,,,
PT,PT_6123,* GRAGEAS FDA 50 GRS(6123),activo,False,"marzo, febrero, mayo",2026-03-01,,,,,,
PT,PT_0793,* GRAGEAS FRASCO 85G (0793),activo,False,"marzo, julio, enero",2026-03-01,,,,,,
PT,PT_1165,* GRAGEAS KL(1165),activo,False,"marzo, mayo, julio",2026-03-01,,,,,,
PT,PT_0821,* GRANOLA CON FRUTOS SECOS FUNDA 280G (0821),activo,True,"enero, febrero, diciembre",2026-03-01,,,,,,
PT,PT_0063,* INDIAS S. ACEITE DE OLIVA BOT PET 200ML(0063),activo,False,"octubre, noviembre, julio",2026-03-01,,,,,,
PT,PT_0544,* INDIAS S. ACEITE DE OLIVA BOT PET 250ML(0544),inactivo,False,"julio, junio",2023-07-01,,,,,,
PT,PT_0537,* INDIAS S. ACEITE DE OLIVA BOT PET 500ML(0537),inactivo,False,mayo,2023-05-01,,,,,,
PT,PT_0056,* INDIAS S. CHIMICHURRI PARRILLERO BOT 310 GR (0056),activo,False,"enero, diciembre, marzo",2026-03-01,,,,,,
PT,PT_0049,* INDIAS S. SAZON COMPLETA BOT 310 GR (0049),activo,False,"marzo, octubre, septiembre",2026-03-01,,,,,,
PT,PT_0032,* INDIAS S. SAZON COMPLETA BOT 500 GR (0032),activo,False,"enero, diciembre, febrero",2026-03-01,,,,,,
PT,PT_0162,* INDIAS S. SAZON MEXICANA FCO 70 G(0162),activo,True,"diciembre, octubre, agosto",2026-01-01,,,,,,
PT,PT_0155,* INDIAS S. SAZONADOR CARNES ROJA FCO. 70G(0155),activo,False,"abril, enero, marzo",2026-01-01,,,,,,
PT,PT_0094,* INDIAS S. SAZONADOR FINAS HIER FCO 50G(0094),activo,False,"enero, marzo, agosto",2026-03-01,,,,,,
PT,PT_0193,* INDIAS S. SAZONADOR PARA MARISCOS FRASCO 70G(0193),activo,True,"marzo, octubre, abril",2025-11-01,,,,,,
PT,PT_0148,* INDIAS S. SAZONADOR POLLO FCO 70G(0148),activo,False,"marzo, enero, diciembre",2026-03-01,,,,,,
PT,PT_5540,* LA ORIGINAL PANELA MOLIDA SABOR LIMON 150G (5540),activo,True,"agosto, diciembre, febrero",2026-03-01,,,,,,
PT,PT_0706,* LA ORIGINAL PICADITA MIX FDA 100G(0706),activo,False,"enero, marzo, diciembre",2026-03-01,,,,,,
PT,PT_7568,* LA ORIGINAL SALSA DE QUESO CHEDDAR TARRINA 100G (7568),activo,True,"octubre, diciembre, enero",2026-03-01,,,,,,
PT,PT_2565,* LA ORIGINAL SAZON FIN HIER FCO 50G(2565),activo,False,"diciembre, enero, marzo",2026-03-01,,,,,,
PT,PT_5729,* LEVADURA DISPLAY X 10 ($0.30)(5729),activo,False,"enero, noviembre, julio",2026-03-01,,,,,,
PT,PT_2193,* LEVADURA FCO 50G (2193),activo,False,"octubre, noviembre, diciembre",2026-03-01,,,,,,
PT,PT_6337,* LOCRO DE PAPAS 70GR (6337),activo,False,"noviembre, mayo, julio",2026-03-01,,,,,,
PT,PT_4029,* MOSTAZA FRASCO DE 300 GRS.(4029),activo,False,"enero, agosto, diciembre",2026-03-01,,,,,,
PT,PT_1132,* PAPA ONDULADA CREMA CEBOLLA  FUNDA 20G (1132),activo,False,"mayo, octubre, diciembre",2026-03-01,,,,,,
PT,PT_1194,* PAPA ONDULADA CREMA CEBOLLA  FUNDA 90G (1194),activo,True,"noviembre, febrero, diciembre",2026-03-01,,,,,,
PT,PT_5965,* PICAJIN FRASCO 75G (5965),activo,False,"marzo, octubre, noviembre",2026-03-01,,,,,,
PT,PT_1170,* PICATODO MIX 20 GR (1170),inactivo,True,"diciembre, enero",2025-01-01,,,,,,
PT,PT_5781,* POLVO DE HORNEAR DISPLAY X 10 ($0.25)(5781),activo,False,"junio, abril, agosto",2026-03-01,,,,,,
PT,PT_8295,"* POLVO DE HORNEAR DISPLAY X 15 ($0,15)(8295)",activo,False,"junio, enero, julio",2026-03-01,,,,,,
PT,PT_2186,* POLVO DE HORNEAR FCO 60G (2186),activo,False,"septiembre, octubre, diciembre",2026-03-01,,,,,,
PT,PT_2926,* POLVO DE HORNEAR KILO (2926),activo,False,"julio, mayo, junio",2026-03-01,,,,,,
PT,PT_0909,* POLVO HORNEAR DISPLAYX30(0909,inactivo,False,"marzo, enero, febrero",2023-03-01,,,,,,
PT,PT_7304,* SAL AHUMA FCO 70G(7304),activo,False,"enero, septiembre, febrero",2026-03-01,,,,,,
PT,PT_1134,* SAL AHUMADA FCO LINEAL 140G(1134),activo,False,"enero, marzo, diciembre",2026-03-01,,,,,,
PT,PT_8066,* SAL AHUMADA KILO (8066),activo,False,"septiembre, enero, octubre",2026-03-01,,,,,,
PT,PT_2155,* SAL HIMALAYA FINAS H DOYPACK 200G(2155),activo,False,"enero, octubre, marzo",2026-03-01,,,,,,
PT,PT_0823,* SAL MARINA FIN HIERB FCO 70G(0823),activo,False,"febrero, marzo, enero",2026-03-01,,,,,,
PT,PT_8004,* SAL PARRILL CON ESPECIES KL (8004),activo,False,"enero, febrero, julio",2026-03-01,,,,,,
PT,PT_9704,* SAL PARRILLERA FINAS HIERBAS FCO LINEAL 180G(9704),activo,False,"enero, marzo, febrero",2026-03-01,,,,,,
PT,PT_8479,* SALSA CHINA 110G (8479),activo,False,"marzo, mayo, enero",2026-03-01,,,,,,
PT,PT_8486,* SALSA CHINA 225G (8486),activo,False,"marzo, enero, octubre",2026-03-01,,,,,,
PT,PT_1593,* SALSA DE AJí 230G (1593),activo,False,"enero, marzo, febrero",2026-03-01,,,,,,
PT,PT_5088,* SALSA DE CIRUELA 200GR (5088),activo,True,"diciembre, noviembre, octubre",2026-01-01,,,,,,
PT,PT_6344,* SALSA DOYPACK MOSTAZA Y MIEL 200G(6344),activo,False,"noviembre, diciembre, octubre",2026-03-01,,,,,,
PT,PT_6009,* SALSA GOLF DOYPACK 200G (6009),activo,False,"enero, diciembre, julio",2026-03-01,,,,,,
PT,PT_2285,* SAZON COMPLETA  1 KL(2285),activo,False,"diciembre, enero, marzo",2026-03-01,,,,,,
PT,PT_4419,* SAZON COMPLETA BALDE 4KL(4419),activo,False,"febrero, agosto, enero",2026-03-01,,,,,,
PT,PT_8615,* SAZON COMPLETA BOT 310 G (8615),activo,False,"marzo, diciembre, enero",2026-03-01,,,,,,
PT,PT_4303,* SAZON COMPLETA BOT380GR(4303),activo,False,"diciembre, noviembre, marzo",2026-03-01,,,,,,
PT,PT_4297,* SAZON COMPLETA BOT500GR(4297),activo,False,"octubre, diciembre, marzo",2026-03-01,,,,,,
PT,PT_7013,* SAZON COMPLETA DOYPACK 180 G (7013),activo,True,"diciembre, marzo, enero",2026-03-01,,,,,,
PT,PT_4327,* SAZON COMPLETA FUNDA 200GR(4327),activo,False,"marzo, diciembre, agosto",2026-03-01,,,,,,
PT,PT_5309,* SAZON COMPLETO GALON 3.7 KG (5309),inactivo,False,enero,2023-01-01,,,,,,
PT,PT_8356,"* SAZON DISPLAY X15(0,15)(8356)",activo,False,"octubre, enero, marzo",2026-03-01,,,,,,
PT,PT_4693,* SAZON DOYPACK VALV200GRS(4693),activo,False,"octubre, marzo, enero",2025-12-01,,,,,,
PT,PT_1851,* SAZON DOYPACK VALV400GRS(1851),activo,False,"diciembre, noviembre, agosto",2026-03-01,,,,,,
PT,PT_6840,* SAZON MEXICANA FCO 70 G(6840),activo,False,"febrero, marzo, diciembre",2026-03-01,,,,,,
PT,PT_9612,* SAZON MEXICANA FCO LINEAL 120G (9612),activo,False,"julio, junio, agosto",2026-02-01,,,,,,
PT,PT_8073,* SAZON MEXICANA KILO (8073),activo,False,"enero, octubre, febrero",2026-03-01,,,,,,
PT,PT_3954,* SAZONA PAVO BOTELLA 310G(3954),activo,True,"noviembre, diciembre, octubre",2025-12-01,,,,,,
PT,PT_3961,* SAZONA PAVO BOTELLA 500G(3961),activo,True,"noviembre, diciembre, octubre",2026-01-01,,,,,,
PT,PT_8011,* SAZONADOR  A LAS FINAS HIERBAS KILO (8011),activo,False,"enero, octubre, diciembre",2026-03-01,,,,,,
PT,PT_9650,* SAZONADOR CARNE ROJA FCO LINEAL 14OG(9650),activo,False,"enero, septiembre, mayo",2026-03-01,,,,,,
PT,PT_7335,* SAZONADOR CARNES ROJA FCO70G(7335),activo,False,"enero, febrero, marzo",2026-03-01,,,,,,
PT,PT_8035,* SAZONADOR CARNES ROJAS KILO (8035),activo,False,"septiembre, enero, octubre",2026-01-01,,,,,,
PT,PT_8547,* SAZONADOR CERDO FCO 60 GRS(8547),activo,False,"enero, diciembre, febrero",2026-03-01,,,,,,
PT,PT_9643,* SAZONADOR CERDO FCO LINEAL 140G(9643),activo,False,"enero, noviembre, agosto",2026-03-01,,,,,,
PT,PT_8059,* SAZONADOR CERDO KILO (8059),activo,False,"mayo, septiembre, abril",2026-03-01,,,,,,
PT,PT_2780,* SAZONADOR FINAS HIER FCO 450 GR (2780),activo,False,"marzo, octubre, agosto",2026-02-01,,,,,,
PT,PT_7298,* SAZONADOR FINAS HIER FCO 50G(7298),activo,False,"enero, diciembre, marzo",2026-03-01,,,,,,
PT,PT_6994,* SAZONADOR FINAS HIER FDA 100G(6994)..,activo,False,"enero, marzo, septiembre",2026-03-01,,,,,,
PT,PT_9681,* SAZONADOR FINAS HIERBAS LIN100G(9681),activo,False,"marzo, diciembre, enero",2026-03-01,,,,,,
PT,PT_9636,* SAZONADOR PESCADO FCO LINEAL 140G(9636),activo,False,"febrero, marzo, agosto",2026-03-01,,,,,,
PT,PT_7311,* SAZONADOR PESCADO FRASCO 70G(7311),activo,False,"enero, febrero, marzo",2026-03-01,,,,,,
PT,PT_8042,* SAZONADOR PESCADO KILO (8042),activo,False,"octubre, abril, noviembre",2025-11-01,,,,,,
PT,PT_7328,* SAZONADOR POLLO FCO 70G(7328),activo,False,"enero, octubre, diciembre",2026-03-01,,,,,,
PT,PT_9629,* SAZONADOR POLLO FCO LINEAL 140G (9629),activo,False,"enero, marzo, septiembre",2026-03-01,,,,,,
PT,PT_8028,* SAZONADOR POLLO KILO (8028),activo,False,"octubre, enero, febrero",2026-03-01,,,,,,
PT,PT_0422,* SMART SELECTION CHIFLE TWOPACK 400G (0422),activo,False,"mayo, agosto, julio",2025-09-01,,,,,,
PT,PT_6306,* SOPA DE POLLO CON ARROZ 60GR (6306),activo,False,"noviembre, mayo, octubre",2026-03-01,,,,,,
PT,PT_6290,* SOPA DE POLLO CON FIDEO 60GR (6290),activo,False,"noviembre, mayo, octubre",2026-03-01,,,,,,
PT,PT_5384,* SUPER ALIÑO COMPL BOT 380(5384),activo,False,"diciembre, marzo, enero",2026-03-01,,,,,,
PT,PT_5391,* SUPER ALIÑO COMPL BOT 500(5391),activo,False,"diciembre, marzo, febrero",2026-03-01,,,,,,
PT,PT_5377,* SUPER ALIÑO COMPL DP 200(5377),activo,True,"octubre, septiembre, diciembre",2025-12-01,,,,,,
PT,PT_5353,* SUPER CHIMI BOT 380GR(5353),activo,False,"febrero, marzo, mayo",2026-03-01,,,,,,
PT,PT_5360,* SUPER CHIMI BOT 500(5360),activo,False,"marzo, enero, diciembre",2026-03-01,,,,,,
PT,PT_5346,* SUPER CHIMI DP 200GR(5346),inactivo,False,"enero, febrero, marzo",2023-04-01,,,,,,
PT,PT_5315,* SUPER SAZON COMPL BOT380(5315),activo,False,"diciembre, febrero, septiembre",2026-03-01,,,,,,
PT,PT_5322,* SUPER SAZON COMPL BOT500(5322),activo,False,"diciembre, marzo, enero",2026-03-01,,,,,,
PT,PT_5308,* SUPER SAZON COMPL DP 200(5308),activo,True,"octubre, noviembre, diciembre",2026-03-01,,,,,,
PT,PT_7019,* SUPERMAXI MAYONESA DOYPACK 200G (7019),activo,False,"junio, noviembre, octubre",2026-03-01,,,,,,
PT,PT_9648,* SUPERMAXI MAYONESA DOYPACK ECON. 1KL (9648),activo,True,"septiembre, diciembre, agosto",2026-03-01,,,,,,
PT,PT_7002,* SUPERMAXI MAYONESA DOYPACK ECON. 400G (7002),activo,True,"septiembre, diciembre, agosto",2026-02-01,,,,,,
PT,PT_1118,* TOSTADO CHIFLE TARRINA 110G(1118),activo,False,"diciembre, marzo, mayo",2026-03-01,,,,,,
PT,PT_1026,* TOSTADO CUERO TARRINA 110G(1026),inactivo,False,"enero, febrero",2023-02-01,,,,,,
PT,PT_1125,* TOSTADO CUERO TARRINA 90G(1125),activo,True,"agosto, junio, marzo",2026-02-01,,,,,,
PT,PT_7799,* VALLES ANDINOS ALIÑO COMPLETO BOTELLA 500G(7799),activo,True,"mayo, junio, diciembre",2026-01-01,,,,,,
PT,PT_3807,* VIC LOP SAZON COMPLETA BOT 310GR (3807),inactivo,True,"febrero, octubre, agosto",2024-02-01,,,,,,
PT,PT_1509,* VINAGRE BLANCO 100ML(1509),inactivo,True,"marzo, mayo, enero",2024-05-01,,,,,,
PT,PT_2506,* VINAGRE BLANCO DE FRUTAS  3.3  LT(2506),activo,False,"enero, febrero, marzo",2026-03-01,,,,,,
PT,PT_1257,* VINAGRE BLANCO DE FRUTAS 1 LT(1257),activo,False,"enero, marzo, febrero",2026-03-01,,,,,,
PT,PT_1517,* VINAGRE BOT DE 450 GRS(1517),activo,False,"febrero, marzo, enero",2026-03-01,,,,,,
PT,PT_2415,* VINAGRE BOTELLA 220 GRS (2415)..,activo,False,"abril, enero, febrero",2026-02-01,,,,,,
PT,PT_1623,* VINAGRE BOTELLA 350 GRS.(1623)..,activo,False,"mayo, junio, febrero",2026-03-01,,,,,,
PT,PT_5958,*ABLANDADOR CARNES FCO 75G(5958),activo,False,"marzo, noviembre, diciembre",2026-03-01,,,,,,
PT,PT_2445,*ACEITE DE OLIVA BOT PET 200ML(2445),activo,False,"enero, marzo, octubre",2026-03-01,,,,,,
PT,PT_5095,*ACEITE DE OLIVA BOT. VIDRIO 150ML(5095),activo,False,"marzo, enero, febrero",2026-03-01,,,,,,
PT,PT_2353,*ACEITE DE OLIVA VIDRIO 250ML(2353),activo,False,"marzo, diciembre, noviembre",2026-03-01,,,,,,
PT,PT_2360,*ACEITE DE OLIVA VIDRIO 500ML(2360),activo,False,"diciembre, noviembre, marzo",2026-03-01,,,,,,
PT,PT_7934,*AKI CHIFLES REDONDO FUNDA 150G(7934),activo,False,"noviembre, octubre, diciembre",2026-03-01,,,,,,
PT,PT_7958,*AKI CHIFLES REDONDO FUNDA 300G(7958),activo,False,"septiembre, noviembre, octubre",2026-03-01,,,,,,
PT,PT_7204,*CHIMICHURRI DESHIDRATADO KILO(7204),activo,False,noviembre,2025-11-01,,,,,,
PT,PT_2426,*EL ARTESANAL ABLANDADOR CARNES FCO 75G(2426),activo,False,"diciembre, febrero, enero",2026-03-01,,,,,,
PT,PT_8047,*EL ARTESANAL ARITOS PICANTES 100G (8047)..,activo,True,"diciembre, marzo, enero",2026-03-01,,,,,,
PT,PT_8009,*EL ARTESANAL BOCADITOS DE MAIZ REDONDOS 300G (8009),activo,False,"diciembre, julio, septiembre",2026-03-01,,,,,,
PT,PT_7996,*EL ARTESANAL BOCADITOS DE MAIZ REDONDOS 50G (7996)..,activo,False,"noviembre, febrero, junio",2026-03-01,,,,,,
PT,PT_8023,*EL ARTESANAL BOCADITOS DE MAIZ TRIANGULO 300G (8023)..,activo,False,"diciembre, septiembre, julio",2026-03-01,,,,,,
PT,PT_8016,*EL ARTESANAL BOCADITOS DE MAIZ TRIANGULO 50G (8016)..,activo,False,"diciembre, febrero, septiembre",2026-03-01,,,,,,
PT,PT_8054,*EL ARTESANAL CHIFLE DULCE 30G (8054)..,activo,False,"marzo, octubre, diciembre",2026-03-01,,,,,,
PT,PT_7972,*EL ARTESANAL CHIFLE REDONDO 150G (7972)..,activo,False,"febrero, diciembre, enero",2026-03-01,,,,,,
PT,PT_7989,*EL ARTESANAL CHIFLE REDONDO 50G (7989)..,activo,False,"febrero, marzo, diciembre",2026-03-01,,,,,,
PT,PT_4944,*EL ARTESANAL CRUNCHY MIX 130 GR (4944),activo,False,"febrero, julio, septiembre",2026-03-01,,,,,,
PT,PT_7810,*EL ARTESANAL CUERITOS 50G (7810)..,activo,True,"diciembre, octubre, enero",2026-03-01,,,,,,
PT,PT_1145,*EL ARTESANAL DULCE DE GUAYABA TARRINA 95G (1145),activo,False,"marzo, julio, febrero",2026-03-01,,,,,,
PT,PT_4937,*EL ARTESANAL LUNCH MIX 150 GR (4937),activo,False,"febrero, diciembre, julio",2026-03-01,,,,,,
PT,PT_4920,*EL ARTESANAL MIX PARTY 150 GR (4920),activo,False,"febrero, julio, abril",2026-03-01,,,,,,
PT,PT_76311055b6,*EL ARTESANAL PAPA ONDULADA 200G..,activo,False,"julio, marzo, noviembre",2026-03-01,,,,,,
PT,PT_7774,*EL ARTESANAL PAPA ONDULADA CASCARA 100G (7774)..,activo,False,"diciembre, julio, octubre",2026-03-01,,,,,,
PT,PT_6547,*EL ARTESANAL PAPAS FRITAS CREMA Y CEBOLLA 200G (6547),activo,True,"marzo, septiembre, febrero",2026-03-01,,,,,,
PT,PT_7834,*EL ARTESANAL PAPAS FRITAS CREMA Y CEBOLLA 50G (7834),activo,True,"diciembre, febrero, enero",2026-03-01,,,,,,
PT,PT_6530,*EL ARTESANAL PAPAS FRITAS HABANERO 200G (6530),activo,True,"noviembre, diciembre, marzo",2026-03-01,,,,,,
PT,PT_8252,*EL ARTESANAL SALSA GOLF DOYPACK DE 200G (8252),activo,False,"enero, febrero, octubre",2026-01-01,,,,,,
PT,PT_4247,*EL ARTESANAL SAZON COMPLETA BOTELLA 500 G(4247),activo,False,"octubre, abril, diciembre",2026-03-01,,,,,,
PT,PT_8030,*EL ARTESANAL TOCINETA 40G (8030)..,activo,True,"octubre, noviembre, diciembre",2026-03-01,,,,,,
PT,PT_6585,*EL ARTESANAL TRIANGULITOS GUACAMOLE 50G (6585),activo,True,"octubre, diciembre, marzo",2026-03-01,,,,,,
PT,PT_6578,*EL ARTESANAL TRIANGULITOS QUESO CHEDDAR 50G (6578),activo,True,"agosto, diciembre, noviembre",2026-03-01,,,,,,
PT,PT_2223,*ESENCIA COCO 100 ML CONDIMENSA (2223),activo,False,"marzo, febrero, agosto",2026-03-01,,,,,,
PT,PT_8355,*ESENCIA DE COCO BOT 500ML (8355) CC,activo,True,"noviembre, abril, mayo",2026-02-01,,,,,,
PT,PT_2216,*ESENCIA VAINILLA 100ML CONDIMENSA(2216),activo,False,"febrero, diciembre, agosto",2026-03-01,,,,,,
PT,PT_8348,*ESENCIA VAINILLA BOT 500ML (8348)CC,activo,False,"marzo, febrero, mayo",2026-02-01,,,,,,
PT,PT_6675,*ESENCIA VAINILLA GALON 3.44LT (6675),inactivo,False,"abril, mayo",2024-05-01,,,,,,
PT,PT_7582,*ESY PAPAS FRITAS BBQ 100G (7582),activo,True,"diciembre, febrero, marzo",2026-03-01,,,,,,
PT,PT_7575,*ESY PAPAS FRITAS SABOR A POLLO 200G (7575),activo,True,"febrero, diciembre, marzo",2026-03-01,,,,,,
PT,PT_0452,*INDIAS S. BICARBONATO FCO 60G (0452),activo,False,"enero, marzo, octubre",2026-03-01,,,,,,
PT,PT_0445,*INDIAS S. SAZONADOR AZAFRAN FCO 60GR (0445),activo,True,"febrero, enero, octubre",2026-03-01,,,,,,
PT,PT_7032,*KRASH CHIFLES CON PICAJIN 25g(7032),activo,False,"agosto, diciembre, febrero",2026-03-01,,,,,,
PT,PT_8060,*KRASH CUERITOS 100g(8060),activo,True,"noviembre, enero, diciembre",2026-03-01,,,,,,
PT,PT_7025,*KRASH PAPAS CON PICAJIN 20g(7025),activo,False,"agosto, octubre, diciembre",2026-03-01,,,,,,
PT,PT_7018,*KRASH PAPAS CREMA Y CEBOLLA 20g(7018),activo,False,"diciembre, octubre, septiembre",2026-03-01,,,,,,
PT,PT_4836,*KRASH TOCINETA 30g(4836),activo,False,"agosto, noviembre, diciembre",2026-03-01,,,,,,
PT,PT_9151,*LA ORIGINAL ALIÑO DISPLAY X 15 (9151),activo,False,"enero, julio, mayo",2025-09-01,,,,,,
PT,PT_0850,*LA ORIGINAL BICARBONATO DISPLAY X 10 (0850),activo,False,"enero, mayo, marzo",2025-09-01,,,,,,
PT,PT_1420,*LA ORIGINAL BICARBONATO FDA 50G (1420),activo,False,"febrero, marzo, octubre",2026-03-01,,,,,,
PT,PT_8061,*LA ORIGINAL CHIFLE DULCE 150G (8061)..,activo,True,"septiembre, octubre, noviembre",2026-03-01,,,,,,
PT,PT_8078,*LA ORIGINAL CHIFLE DULCE 300G (8078) ..,activo,True,"septiembre, agosto, enero",2026-03-01,,,,,,
PT,PT_5d18ad7e15,*LA ORIGINAL CHIMICHURRY DOYPACK 200 GR,activo,False,"febrero, diciembre, septiembre",2026-03-01,,,,,,
PT,PT_7263,*LA ORIGINAL ESENCIA DE COCO 1000 ML (7263),activo,False,"marzo, noviembre, septiembre",2026-03-01,,,,,,
PT,PT_7843,*LA ORIGINAL ESENCIA DE VAINILLA 100 ML (7843),activo,False,"marzo, febrero, diciembre",2026-03-01,,,,,,
PT,PT_6982,*LA ORIGINAL MAYONESA CON LIMON DOYPACK 200G (6982),activo,False,"diciembre, julio, noviembre",2026-03-01,,,,,,
PT,PT_6999,*LA ORIGINAL MAYONESA CON LIMON DOYPACK 400G (6999),activo,True,"diciembre, agosto, octubre",2026-03-01,,,,,,
PT,PT_7850,*LA ORIGINAL MOSTAZA DOYPACK 200G (7850),activo,False,"diciembre, octubre, mayo",2026-03-01,,,,,,
PT,PT_7767,*LA ORIGINAL PAPA ONDULADA CASCARA 100G (7767),activo,False,"junio, agosto, diciembre",2026-03-01,,,,,,
PT,PT_9137,*LA ORIGINAL SAZON COMPLETA DISPLAY X 15 (9137),activo,True,"enero, mayo, septiembre",2025-09-01,,,,,,
PT,PT_1989,*MANI SALADITO TARRINA DE 135G (1989),activo,True,"noviembre, enero, marzo",2026-03-01,,,,,,
PT,PT_6719,*MAPLE FRASCO DE 300G (6719),activo,False,"diciembre, mayo, febrero",2026-03-01,,,,,,
PT,PT_909aefc922,*MAYONESA  AL GRANEL POR KILOS,activo,True,"diciembre, febrero, marzo",2026-03-01,,,,,,
PT,PT_6580,*MAYONESA B/C BALDE 3.8KG (6580),activo,False,"marzo, julio, septiembre",2025-11-01,,,,,,
PT,PT_6191,*MAYONESA DISPLAY X12 (6191),activo,False,"mayo, marzo, diciembre",2026-03-01,,,,,,
PT,PT_7006,*MAYONESA DOYPACK DE 175G(7006),activo,True,"diciembre, marzo, enero",2026-03-01,,,,,,
PT,PT_3992,*MAYONESA DOYPACK DE 200G(3992),activo,False,"octubre, septiembre, noviembre",2025-11-01,,,,,,
PT,PT_4005,*MAYONESA FRASCO 250G(4005),activo,False,"diciembre, agosto, junio",2026-03-01,,,,,,
PT,PT_0694,*MOLINILLO SAL HIMALAYA  MIX PIMIENTAS 90G(0694),activo,False,"octubre, agosto, marzo",2026-03-01,,,,,,
PT,PT_0687,*MOLINILLO SAL HIMALAYA AJO 90G (0687),inactivo,False,"febrero, marzo, abril",2024-08-01,,,,,,
PT,PT_0670,*MOLINILLO SAL HIMALAYA FINAS HIERBAS 90G (0670),activo,False,"octubre, enero, abril",2026-03-01,,,,,,
PT,PT_0724,*MOLINILLO SAL MARINA CON AJO 90G(0724),inactivo,False,"agosto, abril, marzo",2024-10-01,,,,,,
PT,PT_0717,*MOLINILLO SAL MARINA FINAS HIERBAS 90G(0717),activo,False,"enero, noviembre, febrero",2026-03-01,,,,,,
PT,PT_0731,*MOLINILLO SAL MARINA MIX PIM 90G(0731),activo,False,"octubre, agosto, febrero",2026-03-01,,,,,,
PT,PT_6207,*MOSTAZA DISPLAY X12 (6207),activo,False,"mayo, diciembre, noviembre",2026-03-01,,,,,,
PT,PT_4043,*MOSTAZA DOYPACK 200G(4043),activo,False,"diciembre, febrero, octubre",2026-03-01,,,,,,
PT,PT_6696,*PURE DE TOMATE DOYPACK 200G (6696),activo,False,"enero, febrero, julio",2026-03-01,,,,,,
PT,PT_6733,*QUESO CHEDDAR 100G (6733),activo,True,"octubre, noviembre, diciembre",2026-03-01,,,,,,
PT,PT_6627,*REFRITO CRIOLLO DOYPACK 140G(6627),activo,True,"noviembre, abril, julio",2026-03-01,,,,,,
PT,PT_3428,*REFRITO CRIOLLO DOYPACK 200G(3428),activo,False,"noviembre, abril, enero",2025-05-01,,,,,,
PT,PT_4371,*SALSA AMARILLA FINAS HIERBAS FCO 250G (4371),inactivo,False,"enero, marzo, noviembre",2023-12-01,,,,,,
PT,PT_3909,*SALSA BBQ HAWAINA 320G(3909),inactivo,True,"marzo, abril, junio",2024-01-01,,,,,,
PT,PT_3558,*SALSA BBQ HAWAINA DOYPACK 200G (3558),activo,False,"enero, diciembre, julio",2026-03-01,,,,,,
PT,PT_3886,*SALSA BBQ ORIGINAL 320G(3886),activo,False,"enero, octubre, septiembre",2026-03-01,,,,,,
PT,PT_3534,*SALSA BBQ ORIGINAL DOYPACK 20OG(3534),activo,False,"enero, febrero, noviembre",2026-03-01,,,,,,
PT,PT_3893,*SALSA BBQ PICANTE 320G(3893),inactivo,False,"enero, octubre, agosto",2024-06-01,,,,,,
PT,PT_3541,*SALSA BBQ PICANTE DOYPACK 200 GR (3541),activo,False,"enero, septiembre, octubre",2026-03-01,,,,,,
PT,PT_6672,*SALSA CESAR DOYPAC 180G (6672),activo,False,"enero, noviembre, marzo",2026-03-01,,,,,,
PT,PT_5989,*SALSA DE AJO DOYPACK 200G (5989),activo,False,"febrero, noviembre, agosto",2026-03-01,,,,,,
PT,PT_4357,*SALSA DE AJO FRASCO 250G (4357),activo,False,"octubre, febrero, agosto",2026-03-01,,,,,,
PT,PT_5972,*SALSA DE ALBAHACA DOYPACK 200G (5972),activo,False,"febrero, noviembre, diciembre",2026-03-01,,,,,,
PT,PT_4364,*SALSA DE ALBAHACA FRASCO 250G (4364),activo,False,"octubre, febrero, marzo",2026-03-01,,,,,,
PT,PT_ee69cb4958,*SALSA DE TOMATE GALON FRIDAYS 3.8KL(),activo,False,"noviembre, julio, agosto",2025-11-01,,,,,,
PT,PT_6689,*SALSA RANCH DOYPAC 180G (6689),activo,False,"noviembre, marzo, enero",2026-03-01,,,,,,
PT,PT_4395,*SALSA TERAYAKI 320G(4395),activo,False,"octubre, enero, noviembre",2026-03-01,,,,,,
PT,PT_6078,*SALSA TOMATE DISPLAY X12 (6078),activo,False,"mayo, marzo, enero",2026-02-01,,,,,,
PT,PT_3978,*SALSA TOMATE DOYPACK 200G(3978),activo,False,"diciembre, enero, noviembre",2026-03-01,,,,,,
PT,PT_3985,*SALSA TOMATE FRASCO 300G (3985),activo,False,"diciembre, agosto, octubre",2026-03-01,,,,,,
PT,PT_6597,*SALSA TOMATE GALON 3.8KL(6597),activo,False,"septiembre, octubre, mayo",2025-11-01,,,,,,
PT,PT_6658,*SIROPE DE CHOCOLATE DOYPACK 200G (6658),activo,False,"febrero, marzo, diciembre",2026-03-01,,,,,,
PT,PT_6665,*SIROPE DE MORA DOYPACK 200G (6665),activo,False,"febrero, diciembre, marzo",2026-03-01,,,,,,
PT,PT_7941,*SX CHIFLE REDONDO 150G (7941)..,activo,True,"febrero, agosto, noviembre",2026-03-01,,,,,,
PT,PT_7965,*SX CHIFLE REDONDO 300G (7965)..,activo,True,"febrero, diciembre, enero",2026-03-01,,,,,,
PT,PT_6725,*TOMATE DESHIDRATADO EN ACEITE 180G (6725)..,activo,False,"enero, octubre, febrero",2026-03-01,,,,,,
PT,PT_4606,*VIC LOP CHIMICHURRI BOT 310 GRS. (4606),inactivo,True,febrero,2024-02-01,,,,,,
PT,PT_6863,*VINAGRE BALSAMICO 200ML (6863),activo,True,"julio, marzo, febrero",2026-03-01,,,,,,
PT,PT_1264,*VINAGRE DE MANZANA 1 LT(1264),activo,False,"marzo, enero, febrero",2026-03-01,,,,,,
PT,PT_8141,*VINAGRE DE MANZANA 220ML(8141),activo,False,"febrero, septiembre, junio",2026-03-01,,,,,,
PT,PT_2490,*VINAGRE DE MANZANA 3.3LT(2490),activo,False,"febrero, enero, octubre",2026-03-01,,,,,,
PT,PT_8134,*VINAGRE DE MANZANA 350ML(8134)..,activo,False,"abril, marzo, febrero",2026-03-01,,,,,,
PT,PT_8127,*VINAGRE DE MANZANA 450ML (8127,activo,False,"enero, marzo, octubre",2026-03-01,,,,,,
PT,PT_6924,*VINAGRE DE MANZANA MADRE 200ML (6924),activo,True,"octubre, enero, marzo",2026-03-01,,,,,,
PT,PT_3923,*VINAGRE DE VINO 450 GR (3923),activo,False,"noviembre, enero, diciembre",2026-03-01,,,,,,
PT,PT_0564,*VINAGRE ESPECIAS 220 ML(0564),inactivo,False,"junio, marzo, mayo",2023-06-01,,,,,,
PT,PT_1295,*VINAGRE PIÑA MARACUYA 450ML (1295),activo,False,"enero, febrero, octubre",2026-03-01,,,,,,
PT,PT_5460,ACEITE DE GIRASOL 190 ML (5460),inactivo,False,"enero, mayo, febrero",2024-07-01,,,,,,
PT,PT_5866,ACEITE DE GIRASOL 1L (5866),activo,False,"noviembre, marzo, octubre",2026-03-01,,,,,,
PT,PT_5873,ACEITE DE GIRASOL 2L (5873),activo,False,"marzo, diciembre, septiembre",2026-03-01,,,,,,
PT,PT_5842,ACEITE DE GIRASOL 5L (5842),inactivo,True,"febrero, enero, junio",2024-07-01,,,,,,
PT,PT_5859,ACEITE DE GIRASOL RECTANGULAR 500 ML (5859),activo,False,"noviembre, marzo, diciembre",2026-03-01,,,,,,
PT,PT_7150,ACEITE DE SOYA 1L (7150),activo,False,"febrero, marzo",2026-03-01,,,,,,
PT,PT_7143,ACEITE VEGETAL 1L (7143),activo,False,"febrero, enero, marzo",2026-03-01,,,,,,
PT,PT_6740,ACHIOTE ACEITE 1 LT (6740),inactivo,False,diciembre,2024-12-01,,,,,,
PT,PT_3955,ACHIOTE ACEITE BOT 190C CUADRADA (3955),inactivo,False,"marzo, enero, abril",2024-01-01,,,,,,
PT,PT_4135,ACHIOTE ACEITE BOT 190C REDONDA(4135),activo,False,"enero, febrero, marzo",2026-03-01,,,,,,
PT,PT_0305,ACHIOTE ACEITE BOT 440C(0305),activo,False,"marzo, enero, abril",2026-03-01,,,,,,
PT,PT_1029,ACHIOTE ACEITE BOT340C(1029),activo,False,"enero, marzo, febrero",2026-03-01,,,,,,
PT,PT_6450,ACHIOTE ACEITE DOYPACK 100 ML (6450),activo,True,"septiembre, noviembre, marzo",2025-04-01,,,,,,
PT,PT_5590,ACHIOTE EN GRANO DISPX10 ($0.25)(5590),inactivo,False,"abril, junio, julio",2024-04-01,,,,,,
PT,PT_6184,ACHIOTE EN GRANO SELECCIONADO FUNDA 25KL (6184),inactivo,True,"diciembre, enero, noviembre",2024-01-01,,,,,,
PT,PT_0039,ACHIOTE GRANO FDA 50 GRS(0039),activo,False,"enero, octubre, marzo",2026-03-01,,,,,,
PT,PT_7762,ACHIOTE GRANO KILO (7762),activo,False,"enero, julio, octubre",2026-03-01,,,,,,
PT,PT_6130,ACHIOTE MOLIDO FDA 100 GRS (6130),activo,False,"octubre, junio, febrero",2026-01-01,,,,,,
PT,PT_7779,ACHIOTE MOLIDO KILO (7779),activo,False,"agosto, julio, diciembre",2026-03-01,,,,,,
PT,PT_0768,AJI CONDIMENTO FABA KILO (0768),inactivo,True,"junio, julio, febrero",2024-02-01,,,,,,
PT,PT_6788,AJI EN ESCAMAS KILO (6788),activo,True,"diciembre, julio, marzo",2026-03-01,,,,,,
PT,PT_4111,AJI ESCAMAS FCO 30G(4111),activo,False,"diciembre, febrero, noviembre",2026-03-01,,,,,,
PT,PT_4548,AJI ESCAMAS FCO 400 GR (4548),activo,False,"noviembre, febrero, abril",2026-03-01,,,,,,
PT,PT_0786,AJI PARA SEC Y ENCEB FCO 60G (0786),activo,False,"enero, agosto, septiembre",2026-03-01,,,,,,
PT,PT_9582,AJI SECOS ENCEB FCO LINEAL130G (9582),activo,False,"febrero, enero, marzo",2026-03-01,,,,,,
PT,PT_6154,AJI SECOS ENCEBOL FDA 100G(6154),activo,False,"marzo, enero, febrero",2026-03-01,,,,,,
PT,PT_0329,AJI SECOS ENCEBOL FDA 200GR(0329),inactivo,False,"enero, julio, abril",2023-12-01,,,,,,
PT,PT_7892,AJI SECOS Y ENCEBOLLADOS KILO (7892),activo,False,"agosto, enero, febrero",2026-03-01,,,,,,
PT,PT_5316,AJO EN PASTA GALON 3.7 KG (5316),inactivo,False,enero,2023-01-01,,,,,,
PT,PT_4999,AJO EN POLVO DISP X 15 ($0.15)(4999),activo,False,"enero, junio, marzo",2026-03-01,,,,,,
PT,PT_2674,AJO EN POLVO FCO 650 GR (2674),activo,False,"febrero, septiembre, mayo",2026-03-01,,,,,,
PT,PT_1035,AJO EN POLVO FCO 70G(1035),activo,False,"enero, marzo, diciembre",2026-03-01,,,,,,
PT,PT_9667,AJO EN POLVO FCO LINEAL 150G(9667),activo,False,"enero, marzo, febrero",2026-03-01,,,,,,
PT,PT_6970,AJO EN POLVO FDA DE 100GR(6970),activo,False,"marzo, enero, noviembre",2026-03-01,,,,,,
PT,PT_7977,AJO EN POLVO KILO (7977),activo,False,"noviembre, mayo, agosto",2026-03-01,,,,,,
PT,PT_25b4bc9949,AJO PAST BALD DE 20 KILOS,inactivo,True,"septiembre, octubre, julio",2024-11-01,,,,,,
PT,PT_4433,AJO PAST BALD DE 4 KILOS (4433),activo,False,"julio, marzo, septiembre",2026-03-01,,,,,,
PT,PT_4716,AJO PAST DOYPACK VALV 200(4716),activo,False,"junio, octubre, noviembre",2026-03-01,,,,,,
PT,PT_1837,AJO PAST DOYPACK VALV 400(1837),activo,False,"octubre, mayo, julio",2026-03-01,,,,,,
PT,PT_8639,AJO PASTA BOT 300 GRS(8639),activo,False,"noviembre, marzo, febrero",2026-03-01,,,,,,
PT,PT_1739,AJO PASTA BOT 355 GRS(1739),activo,False,"diciembre, marzo, octubre",2026-03-01,,,,,,
PT,PT_1722,AJO PASTA BOT 470 GRS(1722),activo,False,"noviembre, enero, octubre",2026-03-01,,,,,,
PT,PT_8196,AJO PASTA DISPLAY X15 ($0.15) (8196),activo,False,"mayo, julio, junio",2026-03-01,,,,,,
PT,PT_2278,AJO PASTA FRASCO 1KL(2278),activo,False,"marzo, diciembre, enero",2026-03-01,,,,,,
PT,PT_2316,AJO PASTA FUNDA 200 GRS(2316),activo,False,"marzo, febrero, octubre",2026-03-01,,,,,,
PT,PT_2247,AJO POLVO DISP X 10 ($0.25) (2247),activo,False,"enero, octubre, julio",2026-03-01,,,,,,
PT,PT_2308,AJO TROCEADO FRASCO 35G(2308),inactivo,False,"octubre, junio, marzo",2024-12-01,,,,,,
PT,PT_2902,AJONJOLI FRASCO 60G (2902),activo,False,"febrero, mayo, marzo",2026-03-01,,,,,,
PT,PT_2919,AJONJOLI KILO (2919),activo,False,"enero, marzo, abril",2026-03-01,,,,,,
PT,PT_5261,AKI  MANI EN PAST FDA 200G(5261),activo,False,"marzo, febrero, julio",2026-03-01,,,,,,
PT,PT_7812,AKI ACHIOTE ACEITE 190 ML(7812),activo,True,"marzo, junio, diciembre",2026-03-01,,,,,,
PT,PT_5292,AKI AJO EN PAST  FDA 200G(5292),activo,False,"diciembre, marzo, febrero",2026-03-01,,,,,,
PT,PT_5919,AKI AJO PAST BOT.355 GR (5919),activo,False,"marzo, diciembre, enero",2026-03-01,,,,,,
PT,PT_5426,AKI ALPISTE 500G (5426),activo,False,"marzo, febrero, julio",2026-03-01,,,,,,
PT,PT_5062,AKI HARINA ARVEJA 500G(5062),activo,False,"marzo, julio, diciembre",2026-03-01,,,,,,
PT,PT_5086,AKI HARINA DE HABA 500G(5086),activo,False,"diciembre, julio, marzo",2026-03-01,,,,,,
PT,PT_5079,AKI HARINA DE MAIZ 500G(5079),activo,False,"julio, marzo, junio",2025-09-01,,,,,,
PT,PT_5116,AKI HARINA PLATANO 500G(5116),activo,False,"febrero, marzo, septiembre",2026-03-01,,,,,,
PT,PT_6717,AKI MANI GRANO 500G(6717),activo,False,"agosto, marzo, febrero",2026-03-01,,,,,,
PT,PT_5109,AKI MANI TOSTADO 500G(5109),activo,False,"marzo, febrero, enero",2026-03-01,,,,,,
PT,PT_9599,ALBAHACA  FCO LINEAL 30G(9599),activo,False,"marzo, enero, octubre",2026-03-01,,,,,,
PT,PT_7939,ALBAHACA DESIDRATADA FDA DE 1 KL(7939),activo,False,"octubre, septiembre, agosto",2026-03-01,,,,,,
PT,PT_1905,ALBAHACA DISP X 10 ($0.25) (1905),activo,False,"enero, julio, marzo",2026-03-01,,,,,,
PT,PT_1059,ALBAHACA FCO 12G (1059),activo,False,"enero, octubre, febrero",2026-03-01,,,,,,
PT,PT_6000,ALBAHACA FDA. 50 GRS.(6000),inactivo,False,"agosto, febrero, enero",2024-01-01,,,,,,
PT,PT_5997,ALBAHACA FDA.25 GRS.(5997),activo,False,"enero, marzo, septiembre",2026-03-01,,,,,,
PT,PT_3718,ALMENDRA FUNDA 150G(3718),inactivo,False,septiembre,2024-09-01,,,,,,
PT,PT_1101,ALMENDRAS DISPLAY X 6 35GR (1101),activo,True,"marzo, enero, febrero",2026-03-01,,,,,,
PT,PT_3800,ALMENDRAS DOYPACK 65G (3800),activo,False,"marzo, diciembre, septiembre",2026-03-01,,,,,,
PT,PT_1255,ALMENDRAS TARRINA 60 GR (1255),activo,True,"noviembre, febrero, marzo",2026-03-01,,,,,,
PT,PT_6208,ALPISTE FDA. 500 GRS. (6208),inactivo,False,"enero, abril",2023-04-01,,,,,,
PT,PT_0429,AMAZONAS ACHIOTE ACEITE BOT 340CC (0429),activo,False,"marzo, julio, septiembre",2026-02-01,,,,,,
PT,PT_0412,AMAZONAS ACHIOTE ACEITE BOT 440CC (0412),inactivo,False,"diciembre, octubre, noviembre",2025-01-01,,,,,,
PT,PT_6a1dd2caf4,AMAZONAS ACHIOTE GRANO DISP X30($.10),inactivo,False,"enero, agosto",2023-08-01,,,,,,
PT,PT_897b73e9e0,AMAZONAS AJO PASTA BOT 355 G,activo,True,"febrero, enero, octubre",2026-01-01,,,,,,
PT,PT_0948,AMAZONAS AJO PASTA BOT 470G (0948),activo,False,"marzo, julio, octubre",2026-03-01,,,,,,
PT,PT_f40588eae7,AMAZONAS AJO PASTA DISP X 30 ($0.15),activo,False,"marzo, diciembre, febrero",2026-03-01,,,,,,
PT,PT_0559,AMAZONAS ANIS ESP DX30 ($0.10)(0559),activo,False,"enero, julio, febrero",2026-02-01,,,,,,
PT,PT_7fde8240b5,AMAZONAS ANIS ESTREL DX 30($0.15),activo,True,"abril, junio, septiembre",2026-01-01,,,,,,
PT,PT_0689,AMAZONAS CANELA MOLIDA DISP X 30 ($0.15)(0689),activo,False,"octubre, abril, febrero",2026-02-01,,,,,,
PT,PT_0702,AMAZONAS CLAVO OLOR DISP X 30 ($0.15)(0702),activo,False,"mayo, enero, junio",2026-03-01,,,,,,
PT,PT_0726,AMAZONAS COMINO MOLIDO DISP X 30(0726),activo,False,"marzo, enero, julio",2026-03-01,,,,,,
PT,PT_0771,AMAZONAS LINAZA DX30($0.10)(0771),inactivo,True,"julio, enero",2024-01-01,,,,,,
PT,PT_d1924f355f,AMAZONAS MANI DISP. X 30 (0.15),inactivo,True,"septiembre, marzo, noviembre",2024-07-01,,,,,,
PT,PT_0610,AMAZONAS OREGANO DX30($0.10)(0610),activo,False,"febrero, enero, mayo",2026-02-01,,,,,,
PT,PT_0665,AMAZONAS PIMIENTA MOL DX30($0.10)(0665),activo,True,"julio, abril, septiembre",2025-12-01,,,,,,
PT,PT_0658,AMAZONAS PIMIENTA OLOR Dx30($0.15)(0658),activo,False,"junio, diciembre, octubre",2026-01-01,,,,,,
PT,PT_4166,ANIS ESPANOL FCO 40G(4166),inactivo,False,"febrero, enero, septiembre",2023-09-01,,,,,,
PT,PT_0046,ANIS ESPANOL FDA 25GRS(0046),activo,False,"febrero, septiembre, enero",2026-03-01,,,,,,
PT,PT_0794,ANIS ESPANOL FDA DE 50G(0794),activo,False,"enero, septiembre, marzo",2026-03-01,,,,,,
PT,PT_7717,ANIS ESPANOL KILO (7717),activo,False,"mayo, agosto, octubre",2026-03-01,,,,,,
PT,PT_5606,ANIS ESPAÑOL DISPLAYX10 ($0.25)(5606),activo,False,"enero, septiembre, julio",2026-03-01,,,,,,
PT,PT_8172,ANIS ESPAÑOL DISPLAYX15($0.10)(8172),activo,False,"enero, julio, octubre",2026-03-01,,,,,,
PT,PT_5613,"ANIS ESTRELL DISPLAY X10 ($0,30)(5613)",activo,False,"octubre, enero, septiembre",2026-03-01,,,,,,
PT,PT_8189,ANIS ESTRELL DISPLAY X15 ($0.15)(8189),activo,False,"enero, octubre, febrero",2026-03-01,,,,,,
PT,PT_4173,ANIS ESTRELLADO FCO 18G(4173),inactivo,False,"febrero, noviembre, agosto",2023-11-01,,,,,,
PT,PT_1875,ANIS ESTRELLADO FDA 20GR (1875),activo,False,"enero, marzo, octubre",2026-03-01,,,,,,
PT,PT_0718,ANIS ESTRELLADO FDA 40 GR(0718),activo,False,"octubre, marzo, enero",2026-03-01,,,,,,
PT,PT_7724,ANIS ESTRELLADO KILO (7724),activo,False,"julio, octubre, marzo",2026-03-01,,,,,,
PT,PT_5620,APANAD DISP. X 10($0.25) (5620),activo,False,"julio, agosto, enero",2026-03-01,,,,,,
PT,PT_6440,APANAD FDA 200 GRS(6440),activo,False,"enero, marzo, febrero",2026-03-01,,,,,,
PT,PT_0534,APANAD FDA 400 GRS(0534),inactivo,False,"mayo, junio, enero",2023-06-01,,,,,,
PT,PT_1196,APANADURA KILO (1196),activo,False,"mayo, agosto, julio",2026-03-01,,,,,,
PT,PT_1912,APIO DISP X 10 $0.30 (1912),inactivo,True,"junio, noviembre, julio",2024-02-01,,,,,,
PT,PT_1097,APIO FRASCO 12G (1097),activo,False,"enero, febrero, octubre",2026-03-01,,,,,,
PT,PT_0908,APIO FRASCO LINEAL 30G (0908),activo,False,"enero, marzo, febrero",2026-03-01,,,,,,
PT,PT_3824,ARANDANOS DOYPACK 65G (3824),activo,False,"marzo, diciembre, octubre",2026-03-01,,,,,,
PT,PT_0052,AROMAMELIS JAMAICA(0052),inactivo,False,"junio, abril, mayo",2024-06-01,,,,,,
PT,PT_0144,AROMAMELIS MIX(0144),inactivo,False,"abril, mayo, junio",2024-12-01,,,,,,
PT,PT_0076,AROMAMELIS SOBRE CEDRON(0076),inactivo,False,"agosto, enero, marzo",2024-08-01,,,,,,
PT,PT_0083,AROMAMELIS SOBRE H. LUISA(0083),inactivo,False,"enero, julio, mayo",2024-07-01,,,,,,
PT,PT_0045,AROMAMELIS SOBRE HORCHATA(0045),inactivo,False,"agosto, julio, enero",2024-08-01,,,,,,
PT,PT_0069,AROMAMELIS SOBRE MANZANILLA(0069),inactivo,False,"enero, mayo, marzo",2024-08-01,,,,,,
PT,PT_9d2b911375,AROMAMELIS SOBRE TE VERDE,inactivo,False,"agosto, mayo, enero",2024-08-01,,,,,,
PT,PT_5355,ARROZ DE CEBADA DE 500 GRS (5355),activo,False,"enero, octubre, marzo",2026-03-01,,,,,,
PT,PT_1156,BOLITAS DE TAMARINDO TARRINA 85G (1156),activo,False,"abril, junio, marzo",2025-07-01,,,,,,
PT,PT_9803,CANELA MOL FCO LINEAL 100G(9803),activo,False,"octubre, marzo, enero",2026-03-01,,,,,,
PT,PT_5651,CANELA MOLIDA DISPLAY X10 ($0.25)(5651),activo,False,"enero, agosto, marzo",2026-03-01,,,,,,
PT,PT_8240,CANELA MOLIDA DISPLAY X15 ($0.15)(8240),activo,False,"julio, enero, agosto",2026-03-01,,,,,,
PT,PT_0830,CANELA MOLIDA FCO 40G (0830),activo,False,"enero, diciembre, marzo",2026-03-01,,,,,,
PT,PT_5843,CANELA MOLIDA FDA 100 GRS(5843),activo,False,"enero, febrero, marzo",2026-03-01,,,,,,
PT,PT_5850,CANELA MOLIDA FDA 50GR(5850),activo,False,"enero, diciembre, marzo",2026-03-01,,,,,,
PT,PT_7748,CANELA MOLIDA KILO (7748),activo,False,"diciembre, enero, agosto",2026-03-01,,,,,,
PT,PT_5668,CANELA RAMA DISP X10 ($0.40)(5668),activo,False,"enero, octubre, noviembre",2026-03-01,,,,,,
PT,PT_8257,"CANELA RAMA DISPLAY X15 (0,20)(8257)",activo,False,"enero, marzo, febrero",2026-03-01,,,,,,
PT,PT_4203,CANELA RAMA FCO 20G(4203),inactivo,False,febrero,2023-02-01,,,,,,
PT,PT_0077,CANELA RAMA FDA 30 GRS(0077),activo,False,"diciembre, marzo, enero",2026-03-01,,,,,,
PT,PT_4599,CANELA RAMA FDA 60 GRS(4599),activo,False,"diciembre, marzo, febrero",2026-03-01,,,,,,
PT,PT_4609,CANELA RAMA FRASCO GRANDE 125G(4609),activo,False,"octubre, noviembre, junio",2026-03-01,,,,,,
PT,PT_7082,CANELA RAMA FUNDA 500 G (7082),activo,True,"septiembre, enero, febrero",2026-02-01,,,,,,
PT,PT_7755,CANELA RAMA KILO (7755),activo,False,"octubre, julio, junio",2026-03-01,,,,,,
PT,PT_0664,CANELA RAMA X 30 (0.15) (0664),inactivo,False,"enero, marzo, febrero",2024-09-01,,,,,,
PT,PT_5386,CANGUIL FUNDA 500 GR (5386),activo,False,"febrero, noviembre, octubre",2026-03-01,,,,,,
PT,PT_4197,CARDAMOMO FCO 50G (4197),activo,False,"junio, octubre, mayo",2025-10-01,,,,,,
PT,PT_7342,CEBOLLA EN POLVO FCO 70G(7342),activo,False,"enero, febrero, marzo",2026-03-01,,,,,,
PT,PT_6987,CEBOLLA EN POLVO FDA 100G (6987),activo,False,"enero, febrero, marzo",2026-03-01,,,,,,
PT,PT_7984,CEBOLLA EN POLVO KILO (7984),activo,False,"enero, octubre, diciembre",2026-03-01,,,,,,
PT,PT_9674,CEBOLLA EN POLVOFCO LINEAL 150G(9674),activo,False,"enero, marzo, febrero",2026-03-01,,,,,,
PT,PT_6153,CEBOLLIN DESHIDRATADO 1 KILO (6153),activo,True,"marzo, noviembre, agosto",2026-03-01,,,,,,
PT,PT_4180,CEBOLLIN FRASCO 6G(4180),activo,False,"febrero, enero, octubre",2026-03-01,,,,,,
PT,PT_6055,CILANTRO FDA.25 GRS.(6055),activo,False,"noviembre, marzo, septiembre",2026-03-01,,,,,,
PT,PT_6062,CILANTRO FDA.50 GRS.(6062),inactivo,False,"agosto, julio, septiembre",2024-04-01,,,,,,
PT,PT_0854,CILANTRO FRASCO 15G (0854),activo,False,"enero, marzo, octubre",2026-03-01,,,,,,
PT,PT_9896,CILANTRO FRASCO LINEAL 40G (9896),activo,False,"marzo, enero, febrero",2026-03-01,,,,,,
PT,PT_7915,CILANTRO KILO (7915),activo,False,"abril, septiembre, enero",2026-03-01,,,,,,
PT,PT_4877,CIRUELAS FUNDA DE 400 GR(4877),activo,False,"diciembre, enero, febrero",2026-03-01,,,,,,
PT,PT_3749,CIRUELAS PASAS DOYPACK 70G (3749),activo,False,"marzo, diciembre, enero",2026-03-01,,,,,,
PT,PT_4227,CLAVO DE OLOR FCO 25G(4227),inactivo,True,"febrero, enero, marzo",2024-01-01,,,,,,
PT,PT_0084,CLAVO DE OLOR FDA 25 GRS(0084),activo,False,"enero, noviembre, octubre",2026-03-01,,,,,,
PT,PT_0725,CLAVO DE OLOR FDA 50 GRS(0725),activo,False,"septiembre, octubre, marzo",2026-03-01,,,,,,
PT,PT_7731,CLAVO DE OLOR KILO (7731),activo,False,"agosto, octubre, septiembre",2026-03-01,,,,,,
PT,PT_5675,CLAVO OLOR DISPLAY X 10 ($0.25) (5675),activo,False,"enero, octubre, marzo",2026-03-01,,,,,,
PT,PT_8264,"CLAVO OLOR DISPLAY X 15 (0,15)(8264)",activo,False,"enero, octubre, marzo",2026-03-01,,,,,,
PT,PT_4150,COMBO N.2 AJO 355 G+ ACEITE 340 CC (4150),activo,False,"marzo, enero, febrero",2026-03-01,,,,,,
PT,PT_2858,COMBO N.4 AJO 300G+ACEITE BOT.190CC + ALIÑOGRAT(2858),activo,False,"agosto, marzo, febrero",2026-03-01,,,,,,
PT,PT_c05316312f,COMBO N.7 ACHIOTE ACEITE 190ML + AJO POLVO FRASCO 70G + PROD. GRATIS,inactivo,True,"septiembre, agosto, marzo",2025-03-01,,,,,,
PT,PT_6573,COMBO N.9 ACHIOTE ACEITE 190ML + ACEITE GIRASOL 500 ML + PROD. GRATIS(6573),inactivo,False,"septiembre, agosto, noviembre",2024-12-01,,,,,,
PT,PT_0541,COMBOS COLADA MORADA (0541),activo,True,"octubre, septiembre",2025-10-01,,,,,,
PT,PT_4037,COMINO GRANO DISPLAY X 10 ($0.25)(4037),inactivo,False,"junio, julio, marzo",2024-04-01,,,,,,
PT,PT_8233,"COMINO GRANO DISPLAY X 15 (0,10)(8233)",inactivo,False,"enero, febrero",2023-02-01,,,,,,
PT,PT_4210,COMINO GRANO FCO 35G(4210),inactivo,False,"agosto, marzo, octubre",2023-12-01,,,,,,
PT,PT_7816,COMINO GRANO KILO (7816),activo,True,"junio, mayo, julio",2026-03-01,,,,,,
PT,PT_9780,COMINO MOL FCO LINEAL 110G(9780),activo,False,"diciembre, enero, marzo",2026-03-01,,,,,,
PT,PT_5682,COMINO MOLIDO DISPLAY X10 ($0.25)(5682),activo,False,"enero, marzo, febrero",2026-03-01,,,,,,
PT,PT_8226,"COMINO MOLIDO DISPLAY X15 (0,10(8226)",activo,False,"enero, junio, agosto",2026-03-01,,,,,,
PT,PT_4531,COMINO MOLIDO FCO 500 GR (4531),activo,False,"marzo, junio, noviembre",2026-03-01,,,,,,
PT,PT_7359,COMINO MOLIDO FCO 50GR(7359),activo,False,"enero, diciembre, febrero",2026-03-01,,,,,,
PT,PT_0657,COMINO MOLIDO FDA 100 GRS(0657),activo,False,"enero, marzo, febrero",2026-03-01,,,,,,
PT,PT_0398,COMINO MOLIDO FDA 200 GRS(0398),activo,False,"enero, marzo, febrero",2026-03-01,,,,,,
PT,PT_1616,COMINO MOLIDO FDA 50 GRS. (1616),activo,False,"diciembre, marzo, enero",2026-03-01,,,,,,
PT,PT_7105,COMINO MOLIDO FUNDA 500 G (7105),activo,True,"febrero, marzo, enero",2026-03-01,,,,,,
PT,PT_7823,COMINO MOLIDO KILO (7823),activo,False,"julio, agosto, enero",2026-03-01,,,,,,
PT,PT_6795,CONDIMENSA CHIA SEMILLA DOYPACK 100G (6795),activo,True,"noviembre, marzo, febrero",2026-03-01,,,,,,
PT,PT_48285055b5,CONDIMENTO CEBOLLA FABA KILOS GRANEL,activo,True,"noviembre, marzo, febrero",2026-03-01,,,,,,
PT,PT_501fdd6de7,CONDIMENTO PICAJÍN- CHIFLES FABA KILOS GRANEL,activo,True,"noviembre, febrero, diciembre",2026-02-01,,,,,,
PT,PT_3871,CORAL ANIS ESPAÑOL FDA 25G (3871),activo,True,"octubre, marzo, noviembre",2026-03-01,,,,,,
PT,PT_1821,CORAL ANIS ESTRELLADO FDA 30G (1821),activo,True,"octubre, noviembre, enero",2026-03-01,,,,,,
PT,PT_1852,CORAL BICARBONATO FDA 50G (1852),activo,True,"octubre, marzo, enero",2026-03-01,,,,,,
PT,PT_1630,CORAL CANELA RAMA 60G (1630),activo,False,"febrero, octubre, enero",2026-03-01,,,,,,
PT,PT_1784,CORAL LAUREL HOJA  FDA 15G (1784),activo,True,"octubre, noviembre, febrero",2026-03-01,,,,,,
PT,PT_9503,CORAL PAPRIKA FDA 50G (9503),activo,True,"octubre, enero, noviembre",2026-03-01,,,,,,
PT,PT_3833,CORAL SAZONITO FDA 50G (3833),activo,True,"octubre, marzo, noviembre",2026-03-01,,,,,,
PT,PT_3581,CORAL TOMILLO FDA 20G (3581),activo,True,"marzo, octubre, enero",2026-03-01,,,,,,
PT,PT_4555,CURCUMA  FRASCO 450 GR (4555),activo,False,"marzo, febrero, octubre",2026-03-01,,,,,,
PT,PT_1110,CURCUMA  FRASCO 50G(1110),activo,False,"marzo, diciembre, febrero",2026-03-01,,,,,,
PT,PT_9926,CURCUMA  FRASCO LINEAL 100G(9926),activo,False,"enero, marzo, febrero",2026-03-01,,,,,,
PT,PT_2049,CURCUMA DISP X 10 $0.25 (2049),activo,False,"enero, marzo, diciembre",2026-03-01,,,,,,
PT,PT_7112,CURCUMA FUNDA 500 G (7112),activo,False,"septiembre, octubre",2025-10-01,,,,,,
PT,PT_1349,CURCUMA KILO (1349),activo,False,"septiembre, enero, marzo",2026-03-01,,,,,,
PT,PT_7366,CURRY FCO DE 50 GRS(7366),activo,False,"enero, marzo, diciembre",2026-03-01,,,,,,
PT,PT_6031,CURRY FDA. 50 GRS. (6031),activo,False,"enero, febrero, marzo",2026-03-01,,,,,,
PT,PT_6048,CURRY FDA.100 GRS.(6048),activo,False,"enero, marzo, febrero",2026-03-01,,,,,,
PT,PT_9919,CURRY FRASCO LINEAL 120G (9919),activo,False,"enero, diciembre, marzo",2026-03-01,,,,,,
PT,PT_7953,CURRY KILO (7953),activo,False,"noviembre, octubre, diciembre",2026-03-01,,,,,,
PT,PT_1329,DON YAKA ACHIOTE 40G(1329),activo,True,"marzo, enero, julio",2026-03-01,,,,,,
PT,PT_1336,DON YAKA ANIS ESPAÑOL 15G(1336),activo,True,"noviembre, enero, septiembre",2026-03-01,,,,,,
PT,PT_1343,DON YAKA ANIS ESTRELLADO 15G(1343),activo,True,"enero, julio, noviembre",2026-03-01,,,,,,
PT,PT_1367,DON YAKA CANELA ENTERA RAMA 15G(1367),activo,True,"enero, octubre, marzo",2026-03-01,,,,,,
PT,PT_1619,DON YAKA CANELA MOLIDA  15G(1619),activo,True,"marzo, noviembre, enero",2026-03-01,,,,,,
PT,PT_1374,DON YAKA CLAVO DE OLOR 15G(1374),activo,True,"enero, noviembre, septiembre",2026-01-01,,,,,,
PT,PT_1381,DON YAKA COMINO GRANO 15G(1381),activo,True,"julio, febrero, enero",2025-07-01,,,,,,
PT,PT_1398,DON YAKA COMINO MOLIDO 15G(1398),activo,True,"noviembre, enero, julio",2026-03-01,,,,,,
PT,PT_1404,DON YAKA LAUREL HOJA 4G(1404),activo,True,"enero, octubre, diciembre",2026-01-01,,,,,,
PT,PT_1039,DON YAKA LENTEJON 500G (1039),activo,False,abril,2025-04-01,,,,,,
PT,PT_1411,DON YAKA OREGANO HOJA 15G(1411),activo,True,"octubre, enero, noviembre",2026-03-01,,,,,,
PT,PT_0612,DON YAKA OREGANO HOJA 30G(0612)..,activo,True,"enero, marzo, julio",2026-03-01,,,,,,
PT,PT_1435,DON YAKA PIMIENTA DE OLOR 15G(1435),activo,True,"marzo, febrero, enero",2026-03-01,,,,,,
PT,PT_0728,DON YAKA PIMIENTA OLOR 30G(0728),activo,True,"enero, marzo, diciembre",2026-03-01,,,,,,
PT,PT_1459,DON YAKA PIMIENTA PICANTE GRANO 15G(1459),activo,False,"abril, mayo, enero",2025-05-01,,,,,,
PT,PT_1442,DON YAKA PIMIENTA PICANTE MOLIDA 15G(1442),activo,True,"enero, febrero, noviembre",2026-02-01,,,,,,
PT,PT_0735,DON YAKA PIMIENTA PICANTE MOLIDA 30G(0735),activo,True,"marzo, enero, agosto",2026-03-01,,,,,,
PT,PT_1590,DULCE DE GUAYABA CONFITADA 120G (1590),activo,True,"marzo, enero, febrero",2026-03-01,,,,,,
PT,PT_1583,DULCE DE GUAYABA TARRINA 95G (1583),activo,True,"febrero, marzo, mayo",2026-02-01,,,,,,
PT,PT_3041,EL ARTESANAL  ACEITE DE SOYA 1L (3041),activo,True,"noviembre, septiembre, agosto",2026-03-01,,,,,,
PT,PT_4841,EL ARTESANAL  ACEITE GIRASOL 1L (4841),activo,False,"diciembre, enero, noviembre",2026-03-01,,,,,,
PT,PT_4834,EL ARTESANAL  ACEITE GIRASOL 2L (4834),inactivo,True,"julio, marzo, febrero",2024-10-01,,,,,,
PT,PT_4858,EL ARTESANAL  ACEITE GIRASOL 500ML (4858),inactivo,True,"julio, junio, marzo",2024-11-01,,,,,,
PT,PT_3058,EL ARTESANAL  ACEITE VEGETAL 1L (3058),activo,False,"septiembre, noviembre, julio",2026-03-01,,,,,,
PT,PT_6357,EL ARTESANAL ACHIOTE ACEITE BOT 190ML (6357),activo,False,"julio, abril, agosto",2026-03-01,,,,,,
PT,PT_6364,EL ARTESANAL ACHIOTE ACEITE BOT 440ML (6364),activo,False,"marzo, diciembre, febrero",2026-03-01,,,,,,
PT,PT_2991,EL ARTESANAL AJI ESCAMAS FRASCO 30G (2991),activo,False,"marzo, abril, julio",2026-03-01,,,,,,
PT,PT_7613,EL ARTESANAL AJI PARA SECOS/ENCEBOLLADOS FRASCO 60G (7613),activo,False,"junio, febrero, julio",2026-03-01,,,,,,
PT,PT_2960,EL ARTESANAL AJO EN POLVO FRASCO 70G (2960),activo,False,"marzo, diciembre, junio",2026-03-01,,,,,,
PT,PT_3103,EL ARTESANAL AJO EN POLVO FUNDA 50G (3103),activo,False,"diciembre, marzo, febrero",2026-03-01,,,,,,
PT,PT_4278,EL ARTESANAL AJO PASTA BOTELLA 470G (4278),activo,False,"julio, abril, marzo",2026-03-01,,,,,,
PT,PT_7620,EL ARTESANAL AJONJOLI FRASCO 60G (7620),inactivo,True,"junio, febrero, marzo",2025-03-01,,,,,,
PT,PT_3059,EL ARTESANAL ALBAHACA FUNDA 25G (3059),activo,False,"junio, diciembre, enero",2026-03-01,,,,,,
PT,PT_4982,EL ARTESANAL ALMIDON DE YUCA 420 GR (4982),activo,False,"marzo, febrero, enero",2026-03-01,,,,,,
PT,PT_3073,EL ARTESANAL ANIS ESTRELLADO FUNDA 20G (3073),activo,False,"junio, octubre, diciembre",2026-03-01,,,,,,
PT,PT_7637,EL ARTESANAL APIO FRASCO 12G (7637),activo,False,"junio, enero, julio",2026-03-01,,,,,,
PT,PT_4814,EL ARTESANAL CANELA EN RAMA FUNDA  10 GR (4814),activo,False,"diciembre, marzo, enero",2026-03-01,,,,,,
PT,PT_7644,EL ARTESANAL CANELA MOLIDA FRASCO 40G (7644),activo,False,"junio, diciembre, octubre",2026-03-01,,,,,,
PT,PT_3035,EL ARTESANAL CANELA MOLIDA FUNDA 50G (3035),activo,False,"diciembre, junio, octubre",2026-03-01,,,,,,
PT,PT_7668,EL ARTESANAL CARDAMOMO FRASCO 50G (7668),activo,False,"junio, febrero, abril",2025-10-01,,,,,,
PT,PT_2977,EL ARTESANAL CEBOLLA EN POLVO FRASCO 70G (2977),activo,False,"marzo, diciembre, julio",2026-03-01,,,,,,
PT,PT_3110,EL ARTESANAL CEBOLLA EN POLVO FUNDA 50G (3110),activo,False,"diciembre, enero, febrero",2026-03-01,,,,,,
PT,PT_7651,EL ARTESANAL CEBOLLIN FRASCO 6G (7651),activo,False,"junio, enero, diciembre",2026-03-01,,,,,,
PT,PT_7675,EL ARTESANAL CILANTRO FRASCO 15G (7675),activo,False,"junio, enero, diciembre",2026-03-01,,,,,,
PT,PT_3097,EL ARTESANAL CLAVO DE OLOR FUNDA 25G (3097),activo,False,"octubre, diciembre, junio",2026-03-01,,,,,,
PT,PT_3028,EL ARTESANAL COMINO MOLIDO FUNDA 50G (3028),activo,False,"enero, octubre, noviembre",2026-03-01,,,,,,
PT,PT_3011,EL ARTESANAL CURCUMA  FRASCO 50G (3011),activo,False,"marzo, diciembre, julio",2026-03-01,,,,,,
PT,PT_3134,EL ARTESANAL CURCUMA FUNDA 50G (3134),activo,False,"diciembre, junio, febrero",2026-03-01,,,,,,
PT,PT_7682,EL ARTESANAL CURRY FRASCO 50G (7682),activo,False,"junio, diciembre, julio",2026-03-01,,,,,,
PT,PT_3042,EL ARTESANAL CURRY FUNDA 50G (3042),activo,False,"junio, diciembre, enero",2026-03-01,,,,,,
PT,PT_1613,EL ARTESANAL FLOR DE JAMICA 30GR (1613),activo,False,"febrero, mayo, julio",2026-03-01,,,,,,
PT,PT_4760,EL ARTESANAL FLOR DE SAL PARRILLERA DOYPACK 450 GR (4760),activo,False,"enero, marzo, febrero",2026-03-01,,,,,,
PT,PT_6561,EL ARTESANAL HARINA ARVEJA 400G(6561),activo,True,"agosto, diciembre, septiembre",2026-03-01,,,,,,
PT,PT_6554,EL ARTESANAL HARINA DE HABA 400G(6554),activo,True,"agosto, julio, marzo",2026-03-01,,,,,,
PT,PT_6913,EL ARTESANAL HORCHATA FDA 25G(6913),activo,False,"julio, febrero, octubre",2026-03-01,,,,,,
PT,PT_2939,EL ARTESANAL MANI PASTA 140 GR (2939),activo,False,"marzo, julio, septiembre",2026-03-01,,,,,,
PT,PT_7699,EL ARTESANAL NUEZ MOSCADA FRASCO 50G (7699),activo,False,"junio, diciembre, enero",2026-03-01,,,,,,
PT,PT_3004,EL ARTESANAL OREGANO FRASCO 12 G (3004),activo,False,"mayo, abril, diciembre",2026-03-01,,,,,,
PT,PT_4753,EL ARTESANAL OREGANO FUNDA 20 GR (4753),activo,False,"enero, diciembre, febrero",2026-03-01,,,,,,
PT,PT_7705,EL ARTESANAL OREGANO MOLIDO FRASCO 35G (7705),activo,False,"junio, diciembre, enero",2026-03-01,,,,,,
PT,PT_2984,EL ARTESANAL PAPRIKA FCO 40G (2984),activo,False,"diciembre, julio, marzo",2026-03-01,,,,,,
PT,PT_4791,EL ARTESANAL PASTA DE MANI FUNDA 225 GR (4791),activo,False,"julio, marzo, febrero",2026-03-01,,,,,,
PT,PT_7712,EL ARTESANAL PEREJIL FRASCO 15G (7712),activo,False,"junio, diciembre, enero",2026-03-01,,,,,,
PT,PT_3080,EL ARTESANAL PIMIENTA DE OLOR FUNDA 50G (3080),activo,False,"octubre, junio, diciembre",2026-03-01,,,,,,
PT,PT_2953,EL ARTESANAL PIMIENTA MOLIDA FRASCO 55G (2953),activo,False,"marzo, diciembre, julio",2026-03-01,,,,,,
PT,PT_4838,EL ARTESANAL PIMIENTA MOLIDA FUNDA 50 GR (4838),activo,False,"marzo, diciembre, febrero",2026-03-01,,,,,,
PT,PT_3202,EL ARTESANAL PULPA DE TAMARINDO 250ML (3202),activo,False,"mayo, abril, enero",2026-03-01,,,,,,
PT,PT_7729,EL ARTESANAL ROMERO FRASCO 15G (7729),activo,False,"julio, enero, diciembre",2026-03-01,,,,,,
PT,PT_7736,EL ARTESANAL SAL HIMALAYA FRASCO 100G (7736),activo,False,"junio, julio, enero",2026-03-01,,,,,,
PT,PT_7743,EL ARTESANAL SAL HIMALAYA MOLIDA FRASCO 70G (7743),activo,False,"octubre, diciembre, agosto",2026-03-01,,,,,,
PT,PT_7750,EL ARTESANAL SAL MARINA FRASCO 90G (7750),activo,False,"diciembre, octubre, septiembre",2026-03-01,,,,,,
PT,PT_4678,EL ARTESANAL SAL MARINA PARRILLERA DOYPACK 450 GR (4678),activo,False,"marzo, febrero, junio",2026-03-01,,,,,,
PT,PT_3127,EL ARTESANAL SAZON FINAS HIERBAS FUNDA 50 GR (3127),activo,False,"diciembre, junio, enero",2026-03-01,,,,,,
PT,PT_b22394a644,EL ARTESANAL TOMILLO FUNDA 25 GR,activo,False,"diciembre, junio, julio",2025-12-01,,,,,,
PT,PT_1282,ESY MOLINILLO MIX PIMIENTAS 100G (1282)..,activo,False,"febrero, enero",2026-02-01,,,,,,
PT,PT_1251,ESY MOLINILLO SAL HIMALAYA 215G (1251)..,activo,False,febrero,2026-02-01,,,,,,
PT,PT_1275,ESY MOLINILLO SAL HIMALAYA FINAS HIERBAS 180G (1275)..,activo,False,febrero,2026-02-01,,,,,,
PT,PT_1268,ESY MOLINILLO SAL MARINA 200G (1268)..,activo,False,enero,2026-01-01,,,,,,
PT,PT_4296,FLOR DE JAMAICA DOYPACK DE 30 GR (4296),activo,False,"febrero, marzo, octubre",2026-03-01,,,,,,
PT,PT_7199,FREJOL NEGRO FUNDA DE 500 G (7199),inactivo,False,"septiembre, octubre, marzo",2023-12-01,,,,,,
PT,PT_1163,GOMITAS TARRINA 85G (1163),activo,False,"marzo, julio, enero",2026-03-01,,,,,,
PT,PT_0814,GRANOLA FUNDA 135G(0814),activo,True,"mayo, enero, febrero",2026-03-01,,,,,,
PT,PT_1507,HABAS DE DULCE TARRINA 130G (1507),activo,False,"marzo, abril, noviembre",2026-03-01,,,,,,
PT,PT_2061,HABAS DE SAL TARRINA 100G (2061),activo,True,"diciembre, enero, marzo",2026-03-01,,,,,,
PT,PT_1538,HABAS TARRINA 105G (1538),activo,True,"febrero, marzo, octubre",2026-03-01,,,,,,
PT,PT_0425,HORCHATA FDA 20G (0425),activo,True,"noviembre, febrero, enero",2026-03-01,,,,,,
PT,PT_1220,INDIAS S. ACEITE DE GIRASOL BOT 1L(1220),inactivo,True,"julio, diciembre, marzo",2025-03-01,,,,,,
PT,PT_1213,INDIAS S. ACEITE DE GIRASOL BOT PET 500ML(1213),inactivo,False,"julio, diciembre",2024-12-01,,,,,,
PT,PT_0513,INDIAS S. AJI EN ESCAMAS FCO 30G (0513),activo,True,"marzo, junio, mayo",2026-01-01,,,,,,
PT,PT_0209,INDIAS S. AJI PARA SECOS/ENCEBOLLADOS FCO 60G (0209),inactivo,True,"enero, mayo, junio",2024-06-01,,,,,,
PT,PT_0070,INDIAS S. AJO EN POLVO FCO 70G(0070),inactivo,False,"septiembre, julio, enero",2024-12-01,,,,,,
PT,PT_0025,INDIAS S. AJO PASTA BOT 300 GRS (0025),activo,False,"mayo, marzo, julio",2026-03-01,,,,,,
PT,PT_0018,INDIAS S. AJO PASTA BOT 470 GRS (0018),activo,False,"marzo, diciembre, octubre",2026-03-01,,,,,,
PT,PT_0278,INDIAS S. ALBAHACA FRASCO 12G (0278),activo,False,"marzo, septiembre, enero",2026-03-01,,,,,,
PT,PT_0520,INDIAS S. CANELA MOLIDA FCO 40G (0520),inactivo,True,"marzo, mayo, diciembre",2024-05-01,,,,,,
PT,PT_0087,INDIAS S. CEBOLLA  EN POLVO FCO 70G(0087),activo,False,"octubre, mayo, septiembre",2025-11-01,,,,,,
PT,PT_0261,INDIAS S. CEBOLLIN FRASCO 6G(0261),activo,True,"marzo, septiembre, octubre",2025-09-01,,,,,,
PT,PT_0100,INDIAS S. COMINO MOLIDO FCO 50GR(0100),inactivo,True,"enero, marzo, octubre",2024-05-01,,,,,,
PT,PT_0230,INDIAS S. CURCUMA FRASCO 50G(0230),activo,True,"marzo, mayo, octubre",2025-05-01,,,,,,
PT,PT_0247,INDIAS S. CURRY FRASCO 50G(0247),activo,False,"marzo, septiembre, octubre",2026-01-01,,,,,,
PT,PT_0216,INDIAS S. JENGIBRE FRASCO 40G (0216),activo,False,"marzo, enero, octubre",2026-03-01,,,,,,
PT,PT_0131,INDIAS S. OREGANO  FRASCO 12G (0131),activo,False,"enero, septiembre, octubre",2026-01-01,,,,,,
PT,PT_0124,INDIAS S. PAPRIKA FRASCO 40G (0124),activo,False,"marzo, enero, mayo",2025-05-01,,,,,,
PT,PT_0254,INDIAS S. PEREJIL FRASCO 15G (0254),activo,False,"marzo, diciembre, julio",2026-03-01,,,,,,
PT,PT_0117,INDIAS S. PIMIENTA MOLIDA FCO 55G(0117),inactivo,False,"enero, septiembre, marzo",2024-05-01,,,,,,
PT,PT_0179,INDIAS S. SAL HIMALAYA FRASCO 100G (0179),activo,True,"mayo, octubre, diciembre",2026-01-01,,,,,,
PT,PT_0506,INDIAS S. SAL HIMALAYA MOLIDA FCO 70G(0506),activo,False,"marzo, diciembre, mayo",2026-01-01,,,,,,
PT,PT_0186,INDIAS S. SAL MARINA FRASCO 90G(0186),activo,True,"diciembre, marzo, abril",2025-04-01,,,,,,
PT,PT_0421,INDIAS S. TOMILLO FCO 20GR (0421),activo,False,"enero, diciembre, mayo",2026-03-01,,,,,,
PT,PT_1012,ISHPINGO DISPLAY X 10 ($0.75) (1012),activo,True,"octubre, septiembre, noviembre",2025-11-01,,,,,,
PT,PT_2056,JENGIBRE DISP X 10 $0.25 (2056),inactivo,False,"junio, enero, abril",2024-05-01,,,,,,
PT,PT_7960,JENGIBRE EN POLVO KILO (7960),activo,False,"enero, agosto, junio",2026-03-01,,,,,,
PT,PT_1066,JENGIBRE FCO 40G (1066),activo,False,"enero, marzo, febrero",2026-03-01,,,,,,
PT,PT_9933,JENGIBRE FRASCO LINEAL 90G(9933),activo,False,"marzo, diciembre, febrero",2026-03-01,,,,,,
PT,PT_0347,LA ORIGINAL ACEITE GIRASOL 1000 ML (0347),activo,False,mayo,2025-05-01,,,,,,
PT,PT_7805,LA ORIGINAL ACHIOTE ACEITE 190 ML (7805),activo,True,"mayo, diciembre, enero",2026-03-01,,,,,,
PT,PT_0883,LA ORIGINAL ACHIOTE FDA 100G(0883),activo,False,"diciembre, marzo, febrero",2026-03-01,,,,,,
PT,PT_2473,LA ORIGINAL AJI ESCAMAS FCO 30G(2473),activo,False,"febrero, enero, marzo",2026-03-01,,,,,,
PT,PT_9175,LA ORIGINAL AJO DISPLAY X 15 (9175),activo,False,"julio, mayo, junio",2025-08-01,,,,,,
PT,PT_2510,LA ORIGINAL AJO POLVO FCO 70G(2510),activo,False,"enero, diciembre, febrero",2026-03-01,,,,,,
PT,PT_7188,LA ORIGINAL AJO POLVO FDA 500G (7188),activo,False,"diciembre, marzo, febrero",2026-03-01,,,,,,
PT,PT_5888,LA ORIGINAL AJO POLVO FDA 50G(5888),activo,False,"julio, marzo, febrero",2026-03-01,,,,,,
PT,PT_6549,LA ORIGINAL AJONJOLI FCO 60G(6549),inactivo,False,"marzo, febrero, mayo",2025-03-01,,,,,,
PT,PT_8147,LA ORIGINAL ALIÑO BOTELLA 500 GR (8147),activo,False,"diciembre, marzo, septiembre",2026-03-01,,,,,,
PT,PT_5374,LA ORIGINAL ALMIDON DE YUCA 320 (5374),activo,False,"septiembre, junio, octubre",2026-03-01,,,,,,
PT,PT_2376,LA ORIGINAL ALPISTE 1 KL (2376),activo,False,"febrero, enero, marzo",2026-03-01,,,,,,
PT,PT_0913,LA ORIGINAL ANIS ESPANOL FDA 25G(0913),activo,False,"marzo, febrero, diciembre",2026-03-01,,,,,,
PT,PT_0920,LA ORIGINAL ANIS ESTREL FDA 40G(0920),activo,False,"octubre, diciembre, enero",2026-03-01,,,,,,
PT,PT_0852,LA ORIGINAL CANELA  FDA 30G (0852),activo,False,"diciembre, marzo, octubre",2026-03-01,,,,,,
PT,PT_7218,LA ORIGINAL CANELA  RAMA FDA 500 G (7218),activo,False,"marzo, enero, febrero",2026-03-01,,,,,,
PT,PT_2572,LA ORIGINAL CANELA MOL FCO 40G(2572),activo,False,"diciembre, marzo, febrero",2026-03-01,,,,,,
PT,PT_7201,LA ORIGINAL CANELA MOL FDA 350G(7201),activo,False,"diciembre, marzo, noviembre",2026-03-01,,,,,,
PT,PT_0869,LA ORIGINAL CANELA MOL FDA 50G(0869),activo,False,"diciembre, marzo, julio",2026-03-01,,,,,,
PT,PT_7195,LA ORIGINAL CEBOLLA EN POLVO FDA 500G (7195),activo,False,"junio, abril, mayo",2025-07-01,,,,,,
PT,PT_5533,LA ORIGINAL CHIA SEMILLA DPYPACK 80G (5533),activo,True,"marzo, febrero, diciembre",2026-03-01,,,,,,
PT,PT_8987,LA ORIGINAL CHIMICHURRI BOTELLA 500 GR (8987)..,activo,False,"diciembre, julio, marzo",2026-03-01,,,,,,
PT,PT_0890,LA ORIGINAL CLAVO OLOR 25G(0890),activo,False,"diciembre, octubre, marzo",2026-03-01,,,,,,
PT,PT_0937,LA ORIGINAL COM MOL FDA 50G (0937),activo,False,"diciembre, marzo, enero",2026-03-01,,,,,,
PT,PT_2541,LA ORIGINAL COMINO MOL FCO 50G(2541),activo,False,"marzo, enero, diciembre",2026-03-01,,,,,,
PT,PT_7256,LA ORIGINAL COMINO MOL FDA 500G (7256),activo,False,"diciembre, septiembre, marzo",2026-03-01,,,,,,
PT,PT_2480,LA ORIGINAL CURCUMA FCO 50G(2480),activo,False,"marzo, diciembre, febrero",2026-03-01,,,,,,
PT,PT_2503,LA ORIGINAL CURRY FCO 50G(2503),activo,False,"enero, diciembre, marzo",2026-03-01,,,,,,
PT,PT_0982,LA ORIGINAL CURRY FDA 50G (0982),activo,False,"diciembre, enero, marzo",2026-03-01,,,,,,
PT,PT_7270,LA ORIGINAL ESENCIA DE VAINILLA 1000 ML (7270),activo,False,"marzo, diciembre, agosto",2026-03-01,,,,,,
PT,PT_0951,LA ORIGINAL LAUREL FDA 15G(0951),activo,False,"enero, diciembre, febrero",2026-03-01,,,,,,
PT,PT_0906,LA ORIGINAL LINAZA FDA 100G(0906),activo,False,"marzo, febrero, agosto",2026-03-01,,,,,,
PT,PT_9120,LA ORIGINAL MANI PASTA 140 GR (9120),activo,False,"febrero, marzo, diciembre",2026-03-01,,,,,,
PT,PT_2558,LA ORIGINAL OREGANO FCO 15G(2558),activo,False,"enero, diciembre, febrero",2026-03-01,,,,,,
PT,PT_0845,LA ORIGINAL OREGANO FDA 20G (0845),activo,False,"diciembre, marzo, febrero",2026-03-01,,,,,,
PT,PT_7249,LA ORIGINAL OREGANO FDA 300G (7249),activo,False,"febrero, enero, marzo",2026-03-01,,,,,,
PT,PT_2497,LA ORIGINAL PAPRIKA FCO 40G(2497),activo,False,"marzo, diciembre, enero",2026-03-01,,,,,,
PT,PT_7232,LA ORIGINAL PAPRIKA FDA 500 G(7232),activo,False,"diciembre, octubre, julio",2026-03-01,,,,,,
PT,PT_0944,LA ORIGINAL PIM MOL FDA 50G (0944),activo,False,"diciembre, marzo, enero",2026-03-01,,,,,,
PT,PT_0876,LA ORIGINAL PIM OLOR FDA 25G(0876),activo,False,"diciembre, octubre, enero",2026-03-01,,,,,,
PT,PT_2534,LA ORIGINAL PIMIENT MOL FCO 55G (2534),activo,False,"enero, marzo, diciembre",2026-03-01,,,,,,
PT,PT_7225,LA ORIGINAL PIMIENTA MOL FDA 500G (7225),activo,False,"diciembre, marzo, junio",2026-03-01,,,,,,
PT,PT_2527,LA ORIGINAL ROMERO FCO 20G(2527),activo,False,"enero, diciembre, marzo",2026-03-01,,,,,,
PT,PT_0968,LA ORIGINAL ROMERO FDA 25G(0968),activo,False,"enero, diciembre, noviembre",2026-03-01,,,,,,
PT,PT_2589,LA ORIGINAL SAZON AZAFRAN FCO 60G(2589),activo,False,"enero, diciembre, marzo",2026-03-01,,,,,,
PT,PT_8178,LA ORIGINAL SAZON COMPLETA BOTELLA 380 GR (8178),activo,False,"diciembre, octubre, marzo",2026-03-01,,,,,,
PT,PT_0975,LA ORIGINAL TOMILLO FDA 25G(0975),activo,False,"diciembre, enero, marzo",2026-03-01,,,,,,
PT,PT_5712,LAUREL DISPLAY X 10 ($0.25) (5712),activo,False,"enero, agosto, septiembre",2026-03-01,,,,,,
PT,PT_8349,"LAUREL DISPLAY X 15 (0,15)(8349)",inactivo,False,"enero, julio, agosto",2025-01-01,,,,,,
PT,PT_0244,LAUREL HOJA FDA 15 GRS(0244),activo,False,"enero, diciembre, marzo",2026-03-01,,,,,,
PT,PT_4860,LAUREL HOJA FDA 30 GRS(4860),activo,False,"octubre, enero, agosto",2026-01-01,,,,,,
PT,PT_7830,LAUREL KILO (7830),activo,False,"febrero, agosto, junio",2026-03-01,,,,,,
PT,PT_5409,LENTEJA FUNDA DE 500 GRS (5409),activo,False,"noviembre, diciembre, marzo",2026-03-01,,,,,,
PT,PT_5910,LINAZA DISPLAY X 10 ($0.25)(5910),activo,False,"febrero, enero, agosto",2026-03-01,,,,,,
PT,PT_8318,"LINAZA DISPLAY X 15 (0,10)(8318)",inactivo,False,"enero, marzo, agosto",2025-02-01,,,,,,
PT,PT_2132,LINAZA DOYPACK 100 GRS. (2132),activo,False,"marzo, febrero, mayo",2026-03-01,,,,,,
PT,PT_7885,LINAZA KILO (7885),activo,False,"julio, abril, mayo",2026-02-01,,,,,,
PT,PT_1002,MANI AJONJOLI DISPLAY X 10 (1002),inactivo,False,"mayo, febrero, agosto",2023-10-01,,,,,,
PT,PT_4440,MANI BALDE 4 KIL(4440),activo,False,"mayo, febrero, enero",2026-03-01,,,,,,
PT,PT_1521,MANI DULCE CON AJONJOLI TARRINA 145G (1521),activo,False,"febrero, noviembre, enero",2026-02-01,,,,,,
PT,PT_1514,MANI DULCE TARRINA 150G (1514),activo,False,"marzo, abril, octubre",2026-03-01,,,,,,
PT,PT_5614,MANI EN GRANO FUNDA 500 GRS (5614),inactivo,False,"abril, mayo, febrero",2023-06-01,,,,,,
PT,PT_1036,MANI FCO.PREMIUM 230GRS(1036),inactivo,False,"abril, enero, noviembre",2024-06-01,,,,,,
PT,PT_5743,MANI PAST DISPL X 10($0.25)(5743),activo,False,"junio, octubre, julio",2026-03-01,,,,,,
PT,PT_0930,MANI PAST DOYPACK 200 GRS (0930),activo,False,"marzo, diciembre, agosto",2025-11-01,,,,,,
PT,PT_0206,MANI PAST DOYPACK 400 GRS (0206),activo,False,"febrero, octubre, marzo",2026-03-01,,,,,,
PT,PT_4754,MANI PAST DOYPACK ZIPPER 200G(4754),activo,False,"febrero, marzo, abril",2026-03-01,,,,,,
PT,PT_0015,MANI PAST FDA 200 GRS(0015),activo,False,"marzo, febrero, abril",2026-03-01,,,,,,
PT,PT_1135,MANI PAST FDA 90 GRS (1135),activo,False,"marzo, noviembre, febrero",2026-03-01,,,,,,
PT,PT_1340,MANI PAST TARRI 200 GRS(1340),activo,False,"febrero, marzo, abril",2025-06-01,,,,,,
PT,PT_2279,MANI PAST TARRI 400GR(2279),activo,False,"marzo, mayo, febrero",2025-06-01,,,,,,
PT,PT_6634,MANI PASTA TARRINA 140G(6634),activo,True,"noviembre, febrero, enero",2026-03-01,,,,,,
PT,PT_6641,MANI PASTA TARRINA 60G(6641),activo,True,"octubre, febrero, marzo",2026-03-01,,,,,,
PT,PT_2377,MANI TOSTADO TARRINA 140G(2377),activo,False,"marzo, enero, febrero",2025-04-01,,,,,,
PT,PT_6832,MANI TOSTADO TARRINA 90G(6832),activo,False,"junio, mayo, octubre",2026-03-01,,,,,,
PT,PT_6702,MIEL DE ABEJA FRASCO 230G (6702),activo,False,"febrero, marzo, diciembre",2026-03-01,,,,,,
PT,PT_1248,MIX DE FRUTOS SECOS TARRINA 75G (1248),activo,False,"noviembre, octubre, febrero",2026-03-01,,,,,,
PT,PT_1071,MIX FRUTOS SECOS DISPLAY X 6 (35G)(1071),activo,True,"marzo, agosto, febrero",2026-03-01,,,,,,
PT,PT_1088,MIX FRUTOS SECOS DISPLAY X 6 (75G)(1088),activo,True,"marzo, febrero, septiembre",2026-03-01,,,,,,
PT,PT_3848,MIX FRUTOS SECOS DOYPACK  90G (3848),activo,False,"mayo, diciembre, octubre",2026-03-01,,,,,,
PT,PT_6139,MIX PIMIENTAS 1 KILO (6139),activo,True,"diciembre, marzo, octubre",2025-12-01,,,,,,
PT,PT_9841,MIX PIMIENTAS FCO LINEAL 90G(9841),inactivo,False,"enero, febrero, mayo",2023-05-01,,,,,,
PT,PT_6146,MIX PIMIENTOS DESHIDRATADOS 1 KILO (6146),inactivo,True,"noviembre, agosto, marzo",2024-08-01,,,,,,
PT,PT_4463,MIX PIMIENTOS FCO 25G(4463),activo,False,"diciembre, febrero, enero",2026-03-01,,,,,,
PT,PT_2bcdeb429f,MIX VEGETALES DESHIDRATADAS 1 KILO,inactivo,False,enero,2025-01-01,,,,,,
PT,PT_4425,MIX VEGETALES DOYPACK 100 GR (4425),inactivo,False,"mayo, octubre, agosto",2023-10-01,,,,,,
PT,PT_2100,MOLINILLO AJO TROCEADO 50G(2100),inactivo,False,enero,2023-01-01,,,,,,
PT,PT_0748,MOLINILLO MIX PIMIENTAS 55G (0748),activo,False,"enero, octubre, diciembre",2026-03-01,,,,,,
PT,PT_0663,MOLINILLO SAL HIMALAYA 100G (0663),activo,False,"octubre, noviembre, febrero",2026-03-01,,,,,,
PT,PT_0700,MOLINILLO SAL MARINA 100G (0700),activo,False,"octubre, febrero, marzo",2026-03-01,,,,,,
PT,PT_5454,MOROCHO PARTIDO FUNDA DE 500 GR (5454),activo,False,"noviembre, marzo, enero",2026-03-01,,,,,,
PT,PT_0428,NUECES CASCARA FDA 200 GRS(0428,activo,True,"octubre, noviembre, diciembre",2025-04-01,,,,,,
PT,PT_0985,NUECES CASCARA FDA 400 GRS(0985,activo,False,"diciembre, enero, septiembre",2025-04-01,,,,,,
PT,PT_4471,NUECES CASCARA FDA 90G(4471),activo,False,"enero, febrero, mayo",2025-04-01,,,,,,
PT,PT_1095,NUECES DISPLAY X 6 (35G) (1095),activo,False,"marzo, noviembre, julio",2025-11-01,,,,,,
PT,PT_1189,NUECES PELADAS 1 KILO (1189),activo,True,"diciembre, agosto, octubre",2026-03-01,,,,,,
PT,PT_3794,NUECES PELADAS DOYPACK 55G (3794),activo,False,"marzo, diciembre, octubre",2026-03-01,,,,,,
PT,PT_0558,NUECES PELADAS FDA 200 GRS(0558,activo,False,"diciembre, abril, febrero",2026-03-01,,,,,,
PT,PT_0978,NUECES PELADAS FDA 400 GRS(0978),activo,False,"diciembre, enero, abril",2025-12-01,,,,,,
PT,PT_4464,NUECES PELADAS FDA 90G(4464),activo,False,"diciembre, mayo, enero",2026-03-01,,,,,,
PT,PT_1262,NUECES PELADAS TARRINA 50GRS (1262),activo,True,"febrero, marzo, julio",2026-03-01,,,,,,
PT,PT_1660,NUEZ MOSCADA FRASCO DE 50G(1660),activo,False,"enero, diciembre, agosto",2026-03-01,,,,,,
PT,PT_e739d345e6,NUEZ MOSCADA KILO,activo,True,"agosto, febrero, julio",2026-02-01,,,,,,
PT,PT_9858,OREGANO FCO LINEAL 20G(9858),activo,False,"enero, marzo, octubre",2026-03-01,,,,,,
PT,PT_5736,OREGANO HOJA  DISPLAY X 10 ($0.25)(5736),activo,False,"enero, febrero, marzo",2026-03-01,,,,,,
PT,PT_8455,OREGANO HOJA  DISPLAY X 15 (0.10)(8455),activo,False,"enero, octubre, septiembre",2026-03-01,,,,,,
PT,PT_0816,OREGANO HOJA  FCO 12G(0816),activo,False,"marzo, enero, octubre",2026-03-01,,,,,,
PT,PT_4517,OREGANO HOJA  FCO 90 GR (4517),activo,False,"septiembre, noviembre, octubre",2026-02-01,,,,,,
PT,PT_7136,OREGANO HOJA  FUNDA 500 G (7136),activo,False,"diciembre, septiembre, octubre",2026-03-01,,,,,,
PT,PT_0145,OREGANO HOJA FUNDA  25 GR(0145),activo,False,"enero, febrero, octubre",2026-03-01,,,,,,
PT,PT_0435,OREGANO HOJA FUNDA 50 GRS. (0435),activo,False,"enero, octubre, marzo",2026-03-01,,,,,,
PT,PT_7786,OREGANO KILO (7786),activo,False,"octubre, enero, agosto",2026-02-01,,,,,,
PT,PT_1073,OREGANO MOL FCO 35G(1073),activo,False,"enero, octubre, septiembre",2026-03-01,,,,,,
PT,PT_9865,OREGANO MOL FCO LINEAL 90G(9865),activo,False,"marzo, enero, octubre",2026-03-01,,,,,,
PT,PT_5980,OREGANO MOLIDO FDA. 50GRS.(5980),activo,False,"octubre, marzo, enero",2026-03-01,,,,,,
PT,PT_44b8ed9a34,OREGANO MOLIDO FUNDA 500 G,activo,False,agosto,2025-08-01,,,,,,
PT,PT_7793,OREGANO MOLIDO KILO (7793),activo,False,"enero, diciembre, septiembre",2026-03-01,,,,,,
PT,PT_1712,PANELA MOLIDA CON LIMON 135G (1712),activo,True,"agosto, enero, febrero",2026-02-01,,,,,,
PT,PT_0838,PANELA MOLIDA FDA 385G (0838),activo,False,"febrero, mayo, noviembre",2026-02-01,,,,,,
PT,PT_9995,PAPRIKA  FRASCO LINEAL 100G(9995),activo,False,"enero, diciembre, marzo",2026-03-01,,,,,,
PT,PT_058f49d785,PAPRIKA  PURA  FUNDA 1 KILO,activo,False,septiembre,2025-09-01,,,,,,
PT,PT_2025,PAPRIKA DISP X 10 $0.25 (2025),activo,False,"enero, marzo, julio",2026-03-01,,,,,,
PT,PT_1127,PAPRIKA FCO 40G (1127),activo,False,"enero, marzo, diciembre",2026-03-01,,,,,,
PT,PT_4500,PAPRIKA FCO 460 GR (4500),activo,False,"enero, febrero, noviembre",2026-03-01,,,,,,
PT,PT_1356,PAPRIKA KILO (1356),activo,False,"enero, febrero, octubre",2026-03-01,,,,,,
PT,PT_3756,PASAS CIRUELA DOYPACK  200G (3756),activo,False,"diciembre, enero, agosto",2026-03-01,,,,,,
PT,PT_3770,PASAS DOYPACK 150G (3770),activo,False,"marzo, diciembre, enero",2026-03-01,,,,,,
PT,PT_1172,PASAS NATURALES FUNDA 1 KILO(1172),inactivo,True,"diciembre, noviembre",2024-12-01,,,,,,
PT,PT_5201,PASAS NATURALES FUNDA 100 GRS (5201),activo,False,"enero, diciembre, mayo",2026-03-01,,,,,,
PT,PT_0459,PASAS NATURALES FUNDA 200G (0459),activo,False,"diciembre, noviembre, octubre",2026-03-01,,,,,,
PT,PT_0992,PASAS NATURALES FUNDA 400G(0992),activo,False,"diciembre, noviembre, mayo",2026-03-01,,,,,,
PT,PT_a0a99c10be,PASAS NATURALES GRANEL KG,inactivo,False,"mayo, enero, marzo",2023-05-01,,,,,,
PT,PT_7946,PEREJIL DESHIDRATADO KILO (7946),activo,False,"enero, noviembre, mayo",2026-03-01,,,,,,
PT,PT_1950,PEREJIL DISP X 10 $0.25 (1950),inactivo,False,"junio, julio, octubre",2024-02-01,,,,,,
PT,PT_1080,PEREJIL FCO 15G (1080),activo,False,"enero, marzo, diciembre",2026-03-01,,,,,,
PT,PT_6017,PEREJIL FD.25 GRS.(6017),activo,False,"octubre, febrero, enero",2026-03-01,,,,,,
PT,PT_9889,PEREJIL FRASCO LINEAL 40G(9889),activo,False,"enero, marzo, febrero",2026-03-01,,,,,,
PT,PT_5767,PIMIENTA DE OLOR DISPLAY X10 ($0.25) (5767),activo,False,"octubre, noviembre, julio",2026-03-01,,,,,,
PT,PT_8271,PIMIENTA DE OLOR DISPLAY X15 ($0.15)(8271),activo,False,"octubre, enero, julio",2026-03-01,,,,,,
PT,PT_4456,PIMIENTA DE OLOR FCO 30G(4456),inactivo,True,"febrero, marzo, enero",2024-01-01,,,,,,
PT,PT_0176,PIMIENTA DE OLOR FDA 25GR(0176),activo,False,"noviembre, octubre, septiembre",2026-03-01,,,,,,
PT,PT_0732,PIMIENTA DE OLOR FDA 50GR(0732),activo,False,"septiembre, octubre, enero",2026-03-01,,,,,,
PT,PT_7099,PIMIENTA DE OLOR FUNDA 500 G (7099),activo,True,"septiembre, enero, febrero",2026-03-01,,,,,,
PT,PT_7878,PIMIENTA DE OLOR KILO (7878),activo,False,"octubre, agosto, enero",2026-03-01,,,,,,
PT,PT_4272,PIMIENTA GRANO FCO 40G(4272),inactivo,True,"febrero, enero, julio",2024-02-01,,,,,,
PT,PT_9827,PIMIENTA MOL FCO LINEAL 120G(9827),activo,False,"enero, marzo, diciembre",2026-03-01,,,,,,
PT,PT_5774,PIMIENTA MOLIDA DISPLAY X 10 ($0.25)(5774),activo,False,"enero, julio, octubre",2026-03-01,,,,,,
PT,PT_4524,PIMIENTA MOLIDA FCO 550 GR (4524),activo,False,"abril, noviembre, febrero",2026-03-01,,,,,,
PT,PT_0847,PIMIENTA MOLIDA FCO 55G(0847),activo,False,"enero, marzo, octubre",2026-03-01,,,,,,
PT,PT_7854,PIMIENTA NEGRA EN GRANO KILO (7854),activo,False,"marzo, mayo, febrero",2026-03-01,,,,,,
PT,PT_8288,PIMIENTA NEGRA MOLIDA DISPLAYX15 ($0.10)(8288),activo,False,"julio, enero, octubre",2026-03-01,,,,,,
PT,PT_7861,PIMIENTA NEGRA MOLIDA KILO (7861),activo,False,"noviembre, octubre, febrero",2026-03-01,,,,,,
PT,PT_2170,PIMIENTA PIC MOL FDA 100GR(2170),activo,False,"marzo, enero, septiembre",2026-03-01,,,,,,
PT,PT_2422,PIMIENTA PIC MOL FDA 50GR(2422),activo,False,"enero, noviembre, marzo",2026-03-01,,,,,,
PT,PT_5461,QUINUA FUNDA DE 500 GRS (5461),activo,False,"marzo, noviembre, febrero",2026-03-01,,,,,,
PT,PT_7922,ROMERO DESHIDRATADO KILO (7922),activo,False,"diciembre, enero, mayo",2026-03-01,,,,,,
PT,PT_1981,ROMERO DISP X 10 $0.25 (1981),activo,False,"enero, diciembre, septiembre",2026-03-01,,,,,,
PT,PT_1011,ROMERO FCO 15G (1011),activo,False,"enero, diciembre, marzo",2026-03-01,,,,,,
PT,PT_9872,ROMERO FCO LINEAL 30G(9872),activo,False,"enero, diciembre, marzo",2026-03-01,,,,,,
PT,PT_6079,ROMERO FDA.25 GRS.(6079),activo,False,"diciembre, enero, marzo",2026-03-01,,,,,,
PT,PT_6086,ROMERO FDA.50 GRS.(6086),activo,False,"septiembre, junio, enero",2026-03-01,,,,,,
PT,PT_a3a7223460,ROMERO MOLIDO KILO,inactivo,False,agosto,2023-08-01,,,,,,
PT,PT_4917f1e779,SABOR CHEDDAR IDENTICO AL NATURAL-FABA,activo,True,"diciembre, agosto, octubre",2026-03-01,,,,,,
PT,PT_9a5d52e422,SABOR HABANERO IDENTICO AL NATURAL-FABA,activo,True,"noviembre, octubre, julio",2026-03-01,,,,,,
PT,PT_e28433a1d1,SABORIZANTE BBQ IDENTICO AL NATURAL-FABA,activo,True,"septiembre, febrero",2026-02-01,,,,,,
PT,PT_875f690887,SABORIZANTE CEVICHE IDENTICO AL NATURAL-FABA,activo,False,diciembre,2025-12-01,,,,,,
PT,PT_05202dfd31,SABORIZANTE GUACAMOLE IDENTICO AL NATURAL-FABA,activo,True,"diciembre, septiembre, marzo",2026-03-01,,,,,,
PT,PT_bbcfb12c5e,SABORIZANTE POLLO ASADO IDENTICO AL NATURAL-FABA,activo,True,"septiembre, marzo",2026-03-01,,,,,,
PT,PT_1486,SAL DE MESA  FCO 120G (1486),inactivo,False,"abril, febrero, mayo",2023-10-01,,,,,,
PT,PT_0038,SAL DE MESA  FCO LINEAL 200G(0038),inactivo,True,"abril, enero, febrero",2024-01-01,,,,,,
PT,PT_1363,SAL HIMALAYA  KILO(1363),activo,False,"julio, febrero, octubre",2026-03-01,,,,,,
PT,PT_1493,SAL HIMALAYA FCO 100G (1493),activo,False,"enero, febrero, marzo",2026-03-01,,,,,,
PT,PT_1271,SAL HIMALAYA FCO LINEAL 180G(1271),activo,False,"enero, mayo, marzo",2026-03-01,,,,,,
PT,PT_2131,SAL HIMALAYA GRANO DOYPACK 200G (2131),activo,False,"octubre, noviembre, febrero",2026-03-01,,,,,,
PT,PT_2148,SAL HIMALAYA MOLID DOYPACK 200G(2148),activo,False,"marzo, octubre, noviembre",2026-03-01,,,,,,
PT,PT_2124,SAL HIMALAYA MOLIDA FCO 70G(2124),activo,False,"enero, febrero, octubre",2026-03-01,,,,,,
PT,PT_4562,SAL HIMALAYA MOLIDA FCO 900 GR (4562),activo,False,"octubre, febrero, marzo",2026-03-01,,,,,,
PT,PT_1370,SAL HIMALAYA MOLIDA KILO (1370),activo,False,"julio, febrero, marzo",2026-03-01,,,,,,
PT,PT_0809,SAL MARINA FRASCO 90G(0809),activo,False,"enero, marzo, febrero",2026-03-01,,,,,,
PT,PT_7211,SAL MARINA PARRILLERA 500G (7211),activo,False,"marzo, febrero",2026-03-01,,,,,,
PT,PT_9698,SAL PARRILLERA FCO LINEAL 180G(9698),activo,False,"enero, marzo, febrero",2026-03-01,,,,,,
PT,PT_7991,SAL PARRILLERA KILO (7991),activo,False,"febrero, enero, noviembre",2026-03-01,,,,,,
PT,PT_1042,SAZONADOR AZAFRAN FCO 60G(1042),activo,False,"enero, febrero, agosto",2026-03-01,,,,,,
PT,PT_0000,SAZONADOR AZAFRAN KILO (0000),activo,False,"enero, octubre, julio",2026-03-01,,,,,,
PT,PT_9773,SAZONADOR AZAFRAN LINEAL 130GR (9773),activo,False,"enero, septiembre, marzo",2026-03-01,,,,,,
PT,PT_4827,SMART SELECTION ACEITE GIRASOL  5L (4827),inactivo,True,"julio, febrero, marzo",2024-09-01,,,,,,
PT,PT_3868,SMART SELECTION AJO EN POLVO TWOPACK 300G (3868),activo,False,"diciembre, junio, febrero",2026-03-01,,,,,,
PT,PT_3851,SMART SELECTION CANELA RAMA TWOPACK 100G (3851),activo,False,"diciembre, febrero, junio",2026-03-01,,,,,,
PT,PT_3912,SMART SELECTION CEBOLLA POLVO TWOPACK 300G (3912),activo,False,"diciembre, junio, marzo",2026-03-01,,,,,,
PT,PT_3844,SMART SELECTION COMINO MOLIDO TWOPACK 300G (3844),activo,False,"junio, diciembre, febrero",2026-03-01,,,,,,
PT,PT_3875,SMART SELECTION CURCUMA TWOPACK 250G (3875),activo,False,"junio, marzo, diciembre",2026-03-01,,,,,,
PT,PT_3882,SMART SELECTION CURRY TWOPACK 250G (3882),activo,True,"junio, mayo, diciembre",2025-09-01,,,,,,
PT,PT_3899,SMART SELECTION LAUREL TWOPACK 30G (3899),activo,False,"febrero, junio, diciembre",2026-03-01,,,,,,
PT,PT_3813,SMART SELECTION OREGANO TWOPACK 60G (3813),activo,False,"diciembre, octubre, enero",2026-03-01,,,,,,
PT,PT_3806,SMART SELECTION PAPRIKA TWOPACK 250G (3806),activo,False,"junio, diciembre, febrero",2026-03-01,,,,,,
PT,PT_3837,SMART SELECTION PIMIENTA MOLIDA TWOPACK 300G (3837),activo,False,"junio, marzo, diciembre",2026-03-01,,,,,,
PT,PT_3905,SMART SELECTION ROMERO TWOPACK 250G (3905),activo,False,"julio, junio, marzo",2026-03-01,,,,,,
PT,PT_5414,SUPER AJO PAST BOT 355(5414),activo,False,"marzo, febrero, enero",2026-03-01,,,,,,
PT,PT_5421,SUPER AJO PAST BOT 470(5421),activo,False,"marzo, diciembre, enero",2026-03-01,,,,,,
PT,PT_5407,SUPER AJO PASTA DP 200(5407),activo,False,"marzo, agosto, diciembre",2026-03-01,,,,,,
PT,PT_5339,SUPER MANI PAST DOYP 200(5339),activo,False,"febrero, marzo, abril",2026-03-01,,,,,,
PT,PT_0354,SUPERMAXI ACEITE DE GIRASOL 1LT (0354),activo,False,febrero,2026-02-01,,,,,,
PT,PT_2946,SUPERMAXI ACHIOTE ACEITE 1000 ML (2946),activo,False,"octubre, marzo, abril",2026-03-01,,,,,,
PT,PT_7829,SUPERMAXI ACHIOTE ACEITE 190 ML (7829),activo,False,"febrero, diciembre, octubre",2026-03-01,,,,,,
PT,PT_0438,SUPERMAXI ALPISTE 500G(0438),activo,False,"febrero, enero, marzo",2026-03-01,,,,,,
PT,PT_4805,SUPERMAXI ARROZ CEBADA 500G(4805),activo,False,"octubre, diciembre, febrero",2026-03-01,,,,,,
PT,PT_4775,SUPERMAXI HARINA ARVEJA 500G(4775),activo,False,"diciembre, marzo, julio",2026-03-01,,,,,,
PT,PT_4799,SUPERMAXI HARINA HABA 500G(4799),activo,False,"diciembre, septiembre, julio",2026-03-01,,,,,,
PT,PT_4782,SUPERMAXI HARINA MAIZ 500G(4782),activo,False,"marzo, enero, diciembre",2026-03-01,,,,,,
PT,PT_4829,SUPERMAXI HARINA PLATANO 500G(4829),activo,False,"julio, febrero, agosto",2026-03-01,,,,,,
PT,PT_6687,SUPERMAXI MANI GRANO 500G(6687),activo,False,"marzo, agosto, febrero",2026-03-01,,,,,,
PT,PT_4812,SUPERMAXI MANI TOSTADO 500G(4812),activo,False,"febrero, octubre, diciembre",2026-03-01,,,,,,
PT,PT_2036,SUPERMAXI SAL PARRILLERA 500G (2036),activo,False,febrero,2026-02-01,,,,,,
PT,PT_2650,TAMARINDO PULPA DOYPACK 150G(2650),inactivo,True,"enero, marzo, junio",2025-01-01,,,,,,
PT,PT_1746,TAMARINDO PULPA FRASCO 250G.(1746)..,activo,False,"marzo, enero, abril",2026-03-01,,,,,,
PT,PT_6122,TOMATE DESHIDRATADAS 1 KILO (6122),inactivo,False,"noviembre, octubre",2023-11-01,,,,,,
PT,PT_4258,TOMATE DESHIDRATADO FCO 20G(4258),inactivo,False,"enero, abril, junio",2024-01-01,,,,,,
PT,PT_7908,TOMILLO DESHIDRATADO KILO (7908),activo,False,"enero, febrero, agosto",2026-03-01,,,,,,
PT,PT_2001,TOMILLO DISP X 10 $0.25(2001),activo,False,"enero, febrero, julio",2026-03-01,,,,,,
PT,PT_1028,TOMILLO FCO 20G(1028),activo,False,"enero, febrero, marzo",2026-03-01,,,,,,
PT,PT_9902,TOMILLO FCO LINEAL 50G(9902),activo,False,"diciembre, julio, enero",2026-02-01,,,,,,
PT,PT_6093,TOMILLO FDA. 25 GRS.(6093),activo,False,"enero, marzo, diciembre",2026-03-01,,,,,,
PT,PT_6109,TOMILLO FDA. 50 GRS. (6109),activo,False,"enero, marzo, febrero",2025-06-01,,,,,,
PT,PT_0782,VALLES ANDINOS ACHIOTE ACEITE BOTELLA 440G(0782),activo,True,"enero, mayo, marzo",2026-01-01,,,,,,
PT,PT_7782,VALLES ANDINOS AJO PASTA BOTELLA 470G(7782),activo,True,"marzo, junio, mayo",2026-01-01,,,,,,
PT,PT_3005,VIC LOP AJO PASTA BOT 300 GRS (3005),inactivo,True,"febrero, agosto, mayo",2024-02-01,,,,,,
PT,PT_4470,ZANAHORIAS DESHIDRAT FCO 45G(4470),inactivo,True,"febrero, diciembre, marzo",2024-05-01,,,,,,
PT,PT_6115,ZANAHORIAS DESHIDRATADAS 1 KILO (6115),activo,True,"mayo, septiembre, octubre",2025-12-01,,,,,,
